Statistik från Skolverket, http://www.skolverket.se

Grundskolan - Slutbetyg årskurs 9, uppdelat per kön
Valt läsår: 2016/17

;;Samtliga elever;Samtliga elever;Samtliga elever;Samtliga elever;Flickor;Flickor;Flickor;Flickor;Flickor;Pojkar;Pojkar;Pojkar;Pojkar;Pojkar;
Kommun;Typ av huvudman;Antal elever;Andel (%) uppnått kunskapskraven i alla ämnen;Andel (%) behörig yrkesprog.;Genomsnittligt meritvärde (17);Antal elever;Andel (%) elever;Andel (%) uppnått kunskapskraven i alla ämnen;Andel (%) behörig yrkesprog.;Genomsnittligt meritvärde (17);Antal elever;Andel (%) elever;Andel (%) uppnått kunskapskraven i alla ämnen;Andel (%) behörig yrkesprog.;Genomsnittligt meritvärde (17);
Ale;Samtliga;301;70,4;80,7;209,6;127;42,2;81,1;89,0;242,6;174;57,8;62,6;74,7;185,8;
Ale;Kommunal;278;68,7;79,1;207,8;112;40,3;79,5;87,5;242,6;166;59,7;61,4;73,5;184,5;
Ale;Enskild;23;91,3;100,0;231,7;..;..;93,3;100,0;243,0;..;..;..;..;..;
Alingsås;Samtliga;467;78,4;86,5;228,6;211;45,2;82,9;90,0;244,5;256;54,8;74,6;83,6;215,3;
Alingsås;Kommunal;359;75,2;82,7;221,7;155;43,2;80,0;86,5;236,2;204;56,8;71,6;79,9;210,6;
Alingsås;Enskild;108;88,9;~100;251,2;56;51,9;91,1;100,0;267,6;52;48,1;86,5;~100;233,5;
Alvesta;Samtliga;243;56,8;70,4;199,3;109;44,9;69,7;79,8;222,6;134;55,1;46,3;62,7;180,0;
Alvesta;Kommunal;243;56,8;70,4;199,3;109;44,9;69,7;79,8;222,6;134;55,1;46,3;62,7;180,0;
Aneby;Samtliga;75;68,0;73,3;197,3;30;40,0;76,7;76,7;211,3;45;60,0;62,2;71,1;188,0;
Aneby;Kommunal;75;68,0;73,3;197,3;30;40,0;76,7;76,7;211,3;45;60,0;62,2;71,1;188,0;
Arboga;Samtliga;151;74,8;86,1;225,9;73;48,3;71,2;84,9;234,6;78;51,7;78,2;87,2;217,9;
Arboga;Kommunal;151;74,8;86,1;225,9;73;48,3;71,2;84,9;234,6;78;51,7;78,2;87,2;217,9;
Arjeplog;Samtliga;21;76,2;76,2;216,2;..;..;..;..;..;..;..;68,8;68,8;197,2;
Arjeplog;Kommunal;21;76,2;76,2;216,2;..;..;..;..;..;..;..;68,8;68,8;197,2;
Arvidsjaur;Samtliga;61;55,7;73,8;197,3;30;49,2;50,0;76,7;198,4;31;50,8;61,3;71,0;196,4;
Arvidsjaur;Kommunal;61;55,7;73,8;197,3;30;49,2;50,0;76,7;198,4;31;50,8;61,3;71,0;196,4;
Arvika;Samtliga;278;72,3;82,0;210,8;125;45,0;80,0;88,8;237,9;153;55,0;66,0;76,5;188,3;
Arvika;Kommunal;246;68,7;79,7;205,3;100;40,7;75,0;86,0;233,0;146;59,3;64,4;75,3;186,1;
Arvika;Enskild;32;100,0;100,0;252,0;..;..;100,0;100,0;257,1;..;..;..;..;..;
Askersund;Samtliga;107;78,5;86,9;220,0;53;49,5;88,7;~100;249,2;54;50,5;68,5;79,6;191,8;
Askersund;Kommunal;107;78,5;86,9;220,0;53;49,5;88,7;~100;249,2;54;50,5;68,5;79,6;191,8;
Avesta;Samtliga;249;53,0;69,5;193,0;111;44,6;58,6;73,9;211,5;138;55,4;48,6;65,9;178,4;
Avesta;Kommunal;249;53,0;69,5;193,0;111;44,6;58,6;73,9;211,5;138;55,4;48,6;65,9;178,4;
Bengtsfors;Samtliga;81;55,6;67,9;201,5;41;50,6;61,0;73,2;224,2;40;49,4;50,0;62,5;179,4;
Bengtsfors;Kommunal;81;55,6;67,9;201,5;41;50,6;61,0;73,2;224,2;40;49,4;50,0;62,5;179,4;
Berg;Samtliga;83;54,2;61,4;191,7;34;41,0;58,8;67,6;217,5;49;59,0;51,0;57,1;173,5;
Berg;Kommunal;83;54,2;61,4;191,7;34;41,0;58,8;67,6;217,5;49;59,0;51,0;57,1;173,5;
Bjurholm;Samtliga;28;82,1;~100;206,8;13;46,4;92,3;100,0;226,9;15;53,6;73,3;~100;189,3;
Bjurholm;Kommunal;28;82,1;~100;206,8;13;46,4;92,3;100,0;226,9;15;53,6;73,3;~100;189,3;
Bjuv;Samtliga;186;69,4;82,3;215,8;82;44,1;73,2;81,7;222,0;104;55,9;66,3;82,7;210,8;
Bjuv;Kommunal;186;69,4;82,3;215,8;82;44,1;73,2;81,7;222,0;104;55,9;66,3;82,7;210,8;
Boden;Samtliga;314;74,5;79,9;209,6;140;44,6;79,3;83,6;231,2;174;55,4;70,7;77,0;192,6;
Boden;Kommunal;242;70,2;75,6;200,8;103;42,6;77,7;80,6;228,9;139;57,4;64,7;71,9;180,3;
Boden;Enskild;72;88,9;~100;239,2;37;51,4;83,8;~100;237,8;35;48,6;94,3;~100;240,5;
Bollebygd;Samtliga;114;85,1;93,0;235,9;62;54,4;85,5;~100;241,0;52;45,6;84,6;~100;229,9;
Bollebygd;Kommunal;114;85,1;93,0;235,9;62;54,4;85,5;~100;241,0;52;45,6;84,6;~100;229,9;
Bollnäs;Samtliga;295;70,5;76,3;202,8;130;44,1;75,4;81,5;222,6;165;55,9;66,7;72,1;186,9;
Bollnäs;Kommunal;145;49,0;58,6;172,0;58;40,0;53,4;65,5;184,5;87;60,0;46,0;54,0;163,6;
Bollnäs;Enskild;150;91,3;93,3;231,5;72;48,0;93,1;~100;252,3;78;52,0;89,7;92,3;212,0;
Borgholm;Samtliga;111;83,8;88,3;228,4;42;37,8;83,3;85,7;226,4;69;62,2;84,1;89,9;229,7;
Borgholm;Kommunal;111;83,8;88,3;228,4;42;37,8;83,3;85,7;226,4;69;62,2;84,1;89,9;229,7;
Borlänge;Samtliga;647;62,9;75,6;203,6;333;51,5;66,7;76,6;218,2;314;48,5;58,9;74,5;188,1;
Borlänge;Kommunal;565;61,2;74,0;199,5;281;49,7;64,8;74,7;213,5;284;50,3;57,7;73,2;185,6;
Borlänge;Enskild;82;74,4;86,6;232,2;52;63,4;76,9;86,5;243,9;30;36,6;70,0;~100;212,0;
Borås;Samtliga;1 216;73,5;81,9;222,3;572;47,0;76,6;84,1;235,0;644;53,0;70,8;80,0;210,9;
Borås;Kommunal;991;69,5;78,5;212,8;457;46,1;72,9;80,7;225,0;534;53,9;66,7;76,6;202,2;
Borås;Enskild;225;91,1;96,9;263,7;115;51,1;91,3;~100;274,5;110;48,9;90,9;~100;252,4;
Botkyrka;Samtliga;941;69,7;81,5;220,4;421;44,7;72,7;84,3;234,2;520;55,3;67,3;79,2;209,3;
Botkyrka;Kommunal;801;68,2;81,0;217,8;350;43,7;70,6;83,7;232,3;451;56,3;66,3;78,9;206,6;
Botkyrka;Enskild;140;78,6;84,3;235,0;71;50,7;83,1;87,3;243,4;69;49,3;73,9;81,2;226,6;
Boxholm;Samtliga;66;66,7;78,8;201,1;34;51,5;73,5;85,3;229,6;32;48,5;59,4;71,9;169,9;
Boxholm;Kommunal;66;66,7;78,8;201,1;34;51,5;73,5;85,3;229,6;32;48,5;59,4;71,9;169,9;
Bromölla;Samtliga;126;61,1;74,6;191,6;60;47,6;78,3;85,0;232,1;66;52,4;45,5;65,2;156,0;
Bromölla;Kommunal;126;61,1;74,6;191,6;60;47,6;78,3;85,0;232,1;66;52,4;45,5;65,2;156,0;
Bräcke;Samtliga;98;58,2;65,3;173,2;33;33,7;81,8;81,8;217,4;65;66,3;46,2;56,9;150,4;
Bräcke;Kommunal;98;58,2;65,3;173,2;33;33,7;81,8;81,8;217,4;65;66,3;46,2;56,9;150,4;
Burlöv;Samtliga;180;66,1;78,9;213,7;82;45,6;76,8;89,0;234,5;98;54,4;57,1;70,4;195,4;
Burlöv;Kommunal;180;66,1;78,9;213,7;82;45,6;76,8;89,0;234,5;98;54,4;57,1;70,4;195,4;
Båstad;Samtliga;128;75,8;87,5;223,6;66;51,6;74,2;87,9;236,2;62;48,4;77,4;87,1;210,3;
Båstad;Kommunal;128;75,8;87,5;223,6;66;51,6;74,2;87,9;236,2;62;48,4;77,4;87,1;210,3;
Dals-Ed;Samtliga;50;62,0;78,0;204,9;18;36,0;88,9;100,0;277,2;32;64,0;46,9;65,6;164,1;
Dals-Ed;Kommunal;50;62,0;78,0;204,9;18;36,0;88,9;100,0;277,2;32;64,0;46,9;65,6;164,1;
Danderyd;Samtliga;517;92,8;96,1;269,8;218;42,2;95,9;~100;283,7;299;57,8;90,6;94,3;259,6;
Danderyd;Kommunal;336;92,6;94,3;266,6;133;39,6;96,2;~100;281,3;203;60,4;90,1;92,1;257,0;
Danderyd;Enskild;181;93,4;~100;275,6;85;47,0;95,3;100,0;287,5;96;53,0;91,7;~100;265,0;
Degerfors;Samtliga;94;66,0;86,2;208,3;43;45,7;90,7;~100;239,2;51;54,3;45,1;80,4;182,3;
Degerfors;Kommunal;94;66,0;86,2;208,3;43;45,7;90,7;~100;239,2;51;54,3;45,1;80,4;182,3;
Dorotea;Samtliga;29;93,1;~100;220,1;18;62,1;94,4;~100;232,6;11;37,9;90,9;~100;200,7;
Dorotea;Kommunal;29;93,1;~100;220,1;18;62,1;94,4;~100;232,6;11;37,9;90,9;~100;200,7;
Eda;Samtliga;80;81,3;90,0;228,9;41;51,3;73,2;87,8;243,0;39;48,8;89,7;~100;213,3;
Eda;Kommunal;80;81,3;90,0;228,9;41;51,3;73,2;87,8;243,0;39;48,8;89,7;~100;213,3;
Ekerö;Samtliga;343;88,6;92,1;248,2;171;49,9;89,5;92,4;256,5;172;50,1;87,8;91,9;240,0;
Ekerö;Kommunal;311;87,8;91,3;245,0;156;50,2;88,5;91,7;254,1;155;49,8;87,1;91,0;235,8;
Ekerö;Enskild;32;96,9;100,0;279,1;15;46,9;100,0;100,0;281,2;17;53,1;94,1;100,0;277,4;
Eksjö;Samtliga;226;74,8;78,8;229,2;111;49,1;79,3;81,1;249,9;115;50,9;70,4;76,5;209,8;
Eksjö;Kommunal;213;78,9;82,2;233,9;105;49,3;83,8;85,7;251,6;108;50,7;74,1;78,7;216,5;
Eksjö;Enskild;13;..;..;..;..;..;.;.;..;..;..;..;..;..;
Emmaboda;Samtliga;89;56,2;65,2;180,1;34;38,2;76,5;82,4;224,7;55;61,8;43,6;54,5;152,0;
Emmaboda;Kommunal;89;56,2;65,2;180,1;34;38,2;76,5;82,4;224,7;55;61,8;43,6;54,5;152,0;
Enköping;Samtliga;519;73,8;84,0;222,4;242;46,6;79,8;88,0;238,3;277;53,4;68,6;80,5;208,4;
Enköping;Kommunal;385;70,1;80,8;214,6;169;43,9;75,7;85,2;228,4;216;56,1;65,7;77,3;203,5;
Enköping;Enskild;134;84,3;93,3;244,8;73;54,5;89,0;~100;261,0;61;45,5;78,7;91,8;225,3;
Eskilstuna;Samtliga;1 269;70,8;79,4;218,8;594;46,8;75,1;82,2;233,1;675;53,2;67,1;77,0;206,0;
Eskilstuna;Kommunal;966;65,1;74,1;205,8;428;44,3;69,9;76,9;219,9;538;55,7;61,3;71,9;194,3;
Eskilstuna;Enskild;303;89,1;96,4;259,7;166;54,8;88,6;95,8;267,0;137;45,2;89,8;~100;250,9;
Eslöv;Samtliga;372;75,3;83,9;216,8;179;48,1;79,9;87,2;234,0;193;51,9;71,0;80,8;200,7;
Eslöv;Kommunal;372;75,3;83,9;216,8;179;48,1;79,9;87,2;234,0;193;51,9;71,0;80,8;200,7;
Essunga;Samtliga;59;76,3;86,4;219,3;28;47,5;89,3;~100;242,3;31;52,5;64,5;80,6;199,2;
Essunga;Kommunal;59;76,3;86,4;219,3;28;47,5;89,3;~100;242,3;31;52,5;64,5;80,6;199,2;
Fagersta;Samtliga;163;55,2;67,5;162,9;66;40,5;59,1;71,2;183,7;97;59,5;52,6;64,9;148,6;
Fagersta;Kommunal;140;55,0;67,9;160,5;53;37,9;62,3;75,5;189,4;87;62,1;50,6;63,2;142,4;
Fagersta;Enskild;23;56,5;65,2;177,5;13;56,5;..;..;159,0;10;43,5;..;..;199,8;
Falkenberg;Samtliga;493;68,4;79,9;216,1;248;50,3;73,4;84,3;235,4;245;49,7;63,3;75,5;196,8;
Falkenberg;Kommunal;432;64,8;77,1;210,8;213;49,3;70,0;81,7;231,9;219;50,7;59,8;72,6;190,6;
Falkenberg;Enskild;61;93,4;100,0;253,0;35;57,4;94,3;100,0;256,1;26;42,6;92,3;100,0;248,8;
Falköping;Samtliga;383;65,8;76,2;206,5;175;45,7;78,3;86,3;234,5;208;54,3;55,3;67,8;182,3;
Falköping;Kommunal;362;67,4;76,8;208,6;167;46,1;79,6;86,2;236,0;195;53,9;56,9;68,7;184,3;
Falköping;Enskild;21;..;66,7;171,8;..;..;..;..;..;..;..;..;..;152,3;
Falun;Samtliga;600;76,8;84,3;225,9;266;44,3;78,2;85,3;241,4;334;55,7;75,7;83,5;213,5;
Falun;Kommunal;458;73,8;81,2;216,8;196;42,8;76,5;83,2;232,4;262;57,2;71,8;79,8;205,0;
Falun;Enskild;142;86,6;94,4;254,9;70;49,3;82,9;91,4;266,3;72;50,7;90,3;~100;243,8;
Filipstad;Samtliga;116;77,6;86,2;231,0;58;50,0;81,0;87,9;239,2;58;50,0;74,1;84,5;223,0;
Filipstad;Kommunal;116;77,6;86,2;231,0;58;50,0;81,0;87,9;239,2;58;50,0;74,1;84,5;223,0;
Finspång;Samtliga;217;60,4;71,9;203,7;113;52,1;68,1;77,0;223,6;104;47,9;51,9;66,3;180,9;
Finspång;Kommunal;217;60,4;71,9;203,7;113;52,1;68,1;77,0;223,6;104;47,9;51,9;66,3;180,9;
Flen;Samtliga;194;58,2;73,7;196,7;89;45,9;64,0;77,5;208,8;105;54,1;53,3;70,5;185,4;
Flen;Kommunal;160;55,6;72,5;192,4;78;48,8;62,8;76,9;203,9;82;51,3;48,8;68,3;180,2;
Flen;Enskild;34;70,6;79,4;216,7;11;32,4;..;..;242,7;23;67,6;69,6;78,3;203,1;
Forshaga;Samtliga;107;64,5;74,8;191,6;37;34,6;75,7;83,8;215,3;70;65,4;58,6;70,0;179,1;
Forshaga;Kommunal;107;64,5;74,8;191,6;37;34,6;75,7;83,8;215,3;70;65,4;58,6;70,0;179,1;
Färgelanda;Samtliga;77;71,4;80,5;197,5;38;49,4;81,6;81,6;226,4;39;50,6;61,5;79,5;170,1;
Färgelanda;Kommunal;77;71,4;80,5;197,5;38;49,4;81,6;81,6;226,4;39;50,6;61,5;79,5;170,1;
Gagnef;Samtliga;120;79,2;85,8;216,6;49;40,8;79,6;87,8;225,4;71;59,2;78,9;84,5;210,6;
Gagnef;Kommunal;120;79,2;85,8;216,6;49;40,8;79,6;87,8;225,4;71;59,2;78,9;84,5;210,6;
Gislaved;Samtliga;364;70,3;78,6;209,1;168;46,2;79,2;85,1;230,8;196;53,8;62,8;73,0;190,4;
Gislaved;Kommunal;355;71,0;78,9;210,3;165;46,5;79,4;85,5;232,3;190;53,5;63,7;73,2;191,1;
Gislaved;Enskild;..;..;..;..;..;..;..;..;..;..;..;..;..;..;
Gnesta;Samtliga;115;78,3;88,7;218,9;58;50,4;87,9;~100;253,2;57;49,6;68,4;80,7;183,3;
Gnesta;Kommunal;95;76,8;88,4;214,3;43;45,3;88,4;~100;251,5;52;54,7;67,3;80,8;182,9;
Gnesta;Enskild;20;85,0;~100;240,5;..;..;86,7;~100;258,2;..;..;..;..;..;
Gnosjö;Samtliga;117;61,5;66,7;188,8;52;44,4;71,2;76,9;210,3;65;55,6;53,8;58,5;170,8;
Gnosjö;Kommunal;117;61,5;66,7;188,8;52;44,4;71,2;76,9;210,3;65;55,6;53,8;58,5;170,8;
Gotland;Samtliga;592;76,7;82,8;217,8;270;45,6;83,0;87,4;236,2;322;54,4;71,4;78,9;202,2;
Gotland;Kommunal;498;74,5;80,5;213,7;223;44,8;81,6;86,1;233,6;275;55,2;68,7;76,0;197,5;
Gotland;Enskild;94;88,3;94,7;238,9;47;50,0;89,4;~100;248,5;47;50,0;87,2;~100;229,4;
Grums;Samtliga;84;59,5;72,6;195,9;32;38,1;56,3;71,9;195,1;52;61,9;61,5;73,1;196,4;
Grums;Kommunal;84;59,5;72,6;195,9;32;38,1;56,3;71,9;195,1;52;61,9;61,5;73,1;196,4;
Grästorp;Samtliga;84;77,4;79,8;224,9;46;54,8;80,4;80,4;247,4;38;45,2;73,7;78,9;198,9;
Grästorp;Kommunal;84;77,4;79,8;224,9;46;54,8;80,4;80,4;247,4;38;45,2;73,7;78,9;198,9;
Gullspång;Samtliga;66;56,1;66,7;178,5;35;53,0;62,9;74,3;200,2;31;47,0;48,4;58,1;154,6;
Gullspång;Kommunal;66;56,1;66,7;178,5;35;53,0;62,9;74,3;200,2;31;47,0;48,4;58,1;154,6;
Gällivare;Samtliga;149;74,5;83,2;217,2;70;47,0;77,1;84,3;241,6;79;53,0;72,2;82,3;195,9;
Gällivare;Kommunal;129;70,5;80,6;209,9;60;46,5;73,3;81,7;237,7;69;53,5;68,1;79,7;186,2;
Gällivare;Enskild;20;100,0;100,0;263,9;10;50,0;100,0;100,0;264,5;10;50,0;100,0;100,0;263,3;
Gävle;Samtliga;1 156;71,5;84,0;217,6;561;48,5;75,6;86,5;233,1;595;51,5;67,7;81,7;202,8;
Gävle;Kommunal;734;67,3;78,7;206,1;368;50,1;72,3;82,9;221,5;366;49,9;62,3;74,6;190,3;
Gävle;Enskild;422;78,9;93,1;237,5;193;45,7;81,9;93,3;255,3;229;54,3;76,4;93,0;222,5;
Göteborg;Samtliga;5 376;68,2;77,7;218,3;2 537;47,2;73,4;81,7;235,0;2 839;52,8;63,6;74,2;203,3;
Göteborg;Kommunal;3 540;62,3;71,6;205,3;1 592;45,0;68,4;76,3;222,5;1 948;55,0;57,2;67,9;191,0;
Göteborg;Enskild;1 836;79,9;89,7;243,3;945;51,5;81,9;90,9;256,1;891;48,5;77,8;88,4;229,8;
Götene;Samtliga;154;64,9;70,8;192,7;75;48,7;76,0;82,7;222,4;79;51,3;54,4;59,5;165,0;
Götene;Kommunal;154;64,9;70,8;192,7;75;48,7;76,0;82,7;222,4;79;51,3;54,4;59,5;165,0;
Habo;Samtliga;118;77,1;85,6;225,6;60;50,8;81,7;86,7;248,4;58;49,2;72,4;84,5;201,9;
Habo;Kommunal;118;77,1;85,6;225,6;60;50,8;81,7;86,7;248,4;58;49,2;72,4;84,5;201,9;
Hagfors;Samtliga;129;58,1;64,3;183,3;62;48,1;62,9;71,0;200,5;67;51,9;53,7;58,2;167,2;
Hagfors;Kommunal;129;58,1;64,3;183,3;62;48,1;62,9;71,0;200,5;67;51,9;53,7;58,2;167,2;
Hallsberg;Samtliga;140;72,9;79,3;202,7;60;42,9;78,3;85,0;221,6;80;57,1;68,8;75,0;188,3;
Hallsberg;Kommunal;140;72,9;79,3;202,7;60;42,9;78,3;85,0;221,6;80;57,1;68,8;75,0;188,3;
Hallstahammar;Samtliga;174;60,3;70,1;198,5;77;44,3;68,8;81,8;228,0;97;55,7;53,6;60,8;174,7;
Hallstahammar;Kommunal;174;60,3;70,1;198,5;77;44,3;68,8;81,8;228,0;97;55,7;53,6;60,8;174,7;
Halmstad;Samtliga;958;75,2;84,2;219,9;436;45,5;79,4;86,9;237,7;522;54,5;71,6;82,0;204,8;
Halmstad;Kommunal;809;72,8;82,2;213,2;367;45,4;77,4;85,0;231,2;442;54,6;69,0;79,9;198,0;
Halmstad;Enskild;149;87,9;95,3;256,0;69;46,3;89,9;~100;272,4;80;53,7;86,3;93,8;241,9;
Hammarö;Samtliga;212;81,6;87,3;233,5;93;43,9;93,5;~100;265,9;119;56,1;72,3;79,8;207,6;
Hammarö;Kommunal;212;81,6;87,3;233,5;93;43,9;93,5;~100;265,9;119;56,1;72,3;79,8;207,6;
Haninge;Samtliga;769;74,0;86,2;220,4;352;45,8;77,6;88,4;236,1;417;54,2;71,0;84,4;207,2;
Haninge;Kommunal;605;71,1;84,8;216,0;285;47,1;75,8;87,4;234,3;320;52,9;66,9;82,5;199,8;
Haninge;Enskild;164;84,8;91,5;236,7;67;40,9;85,1;92,5;243,5;97;59,1;84,5;90,7;231,9;
Haparanda;Samtliga;124;57,3;66,9;184,8;54;43,5;64,8;75,9;211,9;70;56,5;51,4;60,0;163,9;
Haparanda;Kommunal;124;57,3;66,9;184,8;54;43,5;64,8;75,9;211,9;70;56,5;51,4;60,0;163,9;
Heby;Samtliga;167;68,3;82,0;204,7;72;43,1;70,8;83,3;219,0;95;56,9;66,3;81,1;193,9;
Heby;Kommunal;167;68,3;82,0;204,7;72;43,1;70,8;83,3;219,0;95;56,9;66,3;81,1;193,9;
Hedemora;Samtliga;195;71,3;80,5;203,7;102;52,3;80,4;85,3;225,9;93;47,7;61,3;75,3;179,5;
Hedemora;Kommunal;148;69,6;79,1;197,5;76;51,4;80,3;82,9;220,1;72;48,6;58,3;75,0;174,3;
Hedemora;Enskild;47;76,6;85,1;223,3;26;55,3;80,8;~100;242,3;21;44,7;71,4;76,2;198,5;
Helsingborg;Samtliga;1 576;76,9;85,5;234,1;758;48,1;79,9;89,4;251,2;818;51,9;74,1;81,9;218,3;
Helsingborg;Kommunal;1 025;73,7;82,7;227,5;476;46,4;78,0;87,0;248,7;549;53,6;70,0;78,9;209,1;
Helsingborg;Enskild;551;82,6;90,6;245,9;282;51,2;83,0;93,3;255,3;269;48,8;82,2;87,7;236,1;
Herrljunga;Samtliga;104;77,9;84,6;215,1;44;42,3;75,0;86,4;230,0;60;57,7;80,0;83,3;204,1;
Herrljunga;Kommunal;104;77,9;84,6;215,1;44;42,3;75,0;86,4;230,0;60;57,7;80,0;83,3;204,1;
Hjo;Samtliga;95;84,2;89,5;228,5;45;47,4;84,4;~100;232,3;50;52,6;84,0;88,0;225,2;
Hjo;Kommunal;95;84,2;89,5;228,5;45;47,4;84,4;~100;232,3;50;52,6;84,0;88,0;225,2;
Hofors;Samtliga;89;76,4;82,0;218,8;35;39,3;85,7;~100;228,1;54;60,7;70,4;77,8;212,7;
Hofors;Kommunal;89;76,4;82,0;218,8;35;39,3;85,7;~100;228,1;54;60,7;70,4;77,8;212,7;
Huddinge;Samtliga;1 257;81,4;87,4;237,7;534;42,5;84,8;91,6;255,3;723;57,5;78,8;84,2;224,5;
Huddinge;Kommunal;978;79,4;84,5;228,8;403;41,2;83,4;89,3;247,8;575;58,8;76,7;81,0;215,3;
Huddinge;Enskild;279;88,2;97,5;268,6;131;47,0;89,3;~100;278,3;148;53,0;87,2;96,6;260,0;
Hudiksvall;Samtliga;409;67,2;77,5;206,5;179;43,8;72,6;79,9;221,1;230;56,2;63,0;75,7;195,4;
Hudiksvall;Kommunal;332;66,0;74,7;206,5;149;44,9;72,5;78,5;222,0;183;55,1;60,7;71,6;194,1;
Hudiksvall;Enskild;77;72,7;89,6;206,6;30;39,0;73,3;~100;216,3;47;61,0;72,3;~100;200,7;
Hultsfred;Samtliga;125;60,0;68,8;189,4;56;44,8;67,9;75,0;224,0;69;55,2;53,6;63,8;161,9;
Hultsfred;Kommunal;99;59,6;68,7;195,2;48;48,5;68,8;75,0;228,4;51;51,5;51,0;62,7;164,7;
Hultsfred;Enskild;26;61,5;69,2;167,6;..;..;..;..;..;..;..;61,1;66,7;154,2;
Hylte;Samtliga;154;60,4;72,1;195,9;68;44,2;75,0;77,9;220,8;86;55,8;48,8;67,4;176,4;
Hylte;Kommunal;147;58,5;70,7;193,3;66;44,9;74,2;77,3;217,9;81;55,1;45,7;65,4;173,5;
Hylte;Enskild;..;..;..;..;..;..;..;..;..;..;..;..;..;..;
Håbo;Samtliga;290;76,2;88,3;223,9;131;45,2;82,4;90,8;246,5;159;54,8;71,1;86,2;205,3;
Håbo;Kommunal;243;73,3;86,8;215,9;104;42,8;80,8;89,4;241,1;139;57,2;67,6;84,9;197,0;
Håbo;Enskild;47;91,5;~100;267,6;27;57,4;88,9;~100;268,5;20;42,6;95,0;~100;266,3;
Hällefors;Samtliga;65;64,6;72,3;196,5;27;41,5;66,7;70,4;209,9;38;58,5;63,2;73,7;187,1;
Hällefors;Kommunal;65;64,6;72,3;196,5;27;41,5;66,7;70,4;209,9;38;58,5;63,2;73,7;187,1;
Härjedalen;Samtliga;102;69,6;76,5;197,7;48;47,1;81,3;83,3;223,6;54;52,9;59,3;70,4;174,7;
Härjedalen;Kommunal;102;69,6;76,5;197,7;48;47,1;81,3;83,3;223,6;54;52,9;59,3;70,4;174,7;
Härnösand;Samtliga;260;68,8;77,3;213,5;126;48,5;70,6;81,0;226,2;134;51,5;67,2;73,9;201,5;
Härnösand;Kommunal;249;68,3;77,1;212,1;121;48,6;70,2;81,0;225,8;128;51,4;66,4;73,4;199,3;
Härnösand;Enskild;11;..;..;247,0;..;..;..;..;..;..;..;..;..;..;
Härryda;Samtliga;433;84,1;91,0;240,1;214;49,4;88,3;91,6;254,8;219;50,6;79,9;90,4;225,6;
Härryda;Kommunal;364;82,4;89,6;236,2;179;49,2;86,6;89,9;251,2;185;50,8;78,4;89,2;221,6;
Härryda;Enskild;69;92,8;~100;260,4;35;50,7;97,1;100,0;273,3;34;49,3;88,2;~100;247,1;
Hässleholm;Samtliga;613;66,2;73,6;201,8;270;44,0;73,0;80,0;226,0;343;56,0;60,9;68,5;182,7;
Hässleholm;Kommunal;571;65,7;72,7;198,0;244;42,7;72,1;78,3;220,9;327;57,3;60,9;68,5;180,9;
Hässleholm;Enskild;42;73,8;85,7;252,6;26;61,9;80,8;~100;273,2;16;38,1;62,5;68,8;219,1;
Höganäs;Samtliga;287;85,7;88,2;231,7;115;40,1;93,0;94,8;261,1;172;59,9;80,8;83,7;211,8;
Höganäs;Kommunal;274;85,8;88,0;229,8;107;39,1;93,5;95,3;259,8;167;60,9;80,8;83,2;210,3;
Höganäs;Enskild;13;84,6;~100;271,5;..;..;..;..;..;..;..;..;..;..;
Högsby;Samtliga;71;67,6;76,1;197,7;29;40,8;72,4;~100;216,8;42;59,2;64,3;66,7;184,5;
Högsby;Kommunal;71;67,6;76,1;197,7;29;40,8;72,4;~100;216,8;42;59,2;64,3;66,7;184,5;
Hörby;Samtliga;182;68,1;77,5;207,9;80;44,0;83,8;90,0;240,0;102;56,0;55,9;67,6;181,7;
Hörby;Kommunal;161;65,2;75,8;201,9;71;44,1;81,7;88,7;231,8;90;55,9;52,2;65,6;177,4;
Hörby;Enskild;21;90,5;~100;251,8;..;..;..;..;..;..;..;83,3;~100;212,7;
Höör;Samtliga;183;69,4;77,0;212,2;81;44,3;84,0;90,1;254,8;102;55,7;57,8;66,7;177,4;
Höör;Kommunal;162;69,1;77,2;211,4;76;46,9;84,2;90,8;253,6;86;53,1;55,8;65,1;172,9;
Höör;Enskild;21;71,4;76,2;217,9;..;..;..;..;..;..;..;68,8;~100;200,6;
Jokkmokk;Samtliga;39;76,9;82,1;226,6;18;46,2;94,4;~100;260,0;21;53,8;61,9;71,4;199,5;
Jokkmokk;Kommunal;31;80,6;83,9;232,7;15;48,4;100,0;100,0;265,2;16;51,6;62,5;68,8;202,3;
Jokkmokk;Enskild;..;..;..;..;..;..;..;..;..;..;..;..;..;..;
Järfälla;Samtliga;905;76,2;83,6;229,9;415;45,9;82,2;88,7;247,1;490;54,1;71,2;79,4;215,2;
Järfälla;Kommunal;702;71,2;79,8;219,6;315;44,9;77,1;85,4;237,3;387;55,1;66,4;75,2;205,0;
Järfälla;Enskild;203;93,6;97,0;265,2;100;49,3;98,0;~100;277,8;103;50,7;89,3;95,1;252,9;
Jönköping;Samtliga;1 455;75,9;83,6;225,2;721;49,6;80,4;87,1;243,4;734;50,4;71,4;80,2;207,2;
Jönköping;Kommunal;1 175;75,1;83,4;221,5;575;48,9;80,7;87,1;240,5;600;51,1;69,8;79,8;203,3;
Jönköping;Enskild;280;78,9;84,6;241,3;146;52,1;79,5;87,0;254,5;134;47,9;78,4;82,1;226,1;
Kalix;Samtliga;178;71,9;83,1;212,9;102;57,3;78,4;85,3;236,6;76;42,7;63,2;80,3;181,5;
Kalix;Kommunal;170;71,8;83,5;213,7;97;57,1;79,4;86,6;240,6;73;42,9;61,6;79,5;178,1;
Kalix;Enskild;..;..;..;..;..;..;..;..;..;..;..;..;..;..;
Kalmar;Samtliga;695;80,4;85,9;225,2;316;45,5;84,8;90,8;244,4;379;54,5;76,8;81,8;208,9;
Kalmar;Kommunal;567;78,5;84,3;221,8;246;43,4;83,3;89,4;241,3;321;56,6;74,8;80,4;206,6;
Kalmar;Enskild;128;89,1;93,0;240,5;70;54,7;90,0;~100;255,5;58;45,3;87,9;89,7;222,1;
Karlsborg;Samtliga;52;88,5;~100;234,1;26;50,0;92,3;100,0;251,4;26;50,0;84,6;~100;216,8;
Karlsborg;Kommunal;52;88,5;~100;234,1;26;50,0;92,3;100,0;251,4;26;50,0;84,6;~100;216,8;
Karlshamn;Samtliga;347;63,7;70,3;200,7;155;44,7;72,3;76,1;226,2;192;55,3;56,8;65,6;180,3;
Karlshamn;Kommunal;315;60,6;67,9;197,4;143;45,4;69,9;74,1;224,4;172;54,6;52,9;62,8;175,2;
Karlshamn;Enskild;32;93,8;~100;232,6;12;37,5;100,0;100,0;246,9;20;62,5;90,0;~100;224,0;
Karlskoga;Samtliga;343;66,8;72,6;209,2;157;45,8;74,5;77,7;234,7;186;54,2;60,2;68,3;188,4;
Karlskoga;Kommunal;343;66,8;72,6;209,2;157;45,8;74,5;77,7;234,7;186;54,2;60,2;68,3;188,4;
Karlskrona;Samtliga;710;76,2;82,4;219,1;338;47,6;82,8;87,9;236,6;372;52,4;70,2;77,4;202,8;
Karlskrona;Kommunal;504;71,0;77,8;209,4;240;47,6;78,8;84,6;226,3;264;52,4;64,0;71,6;193,4;
Karlskrona;Enskild;206;88,8;93,7;242,8;98;47,6;92,9;~100;262,0;108;52,4;85,2;91,7;225,2;
Karlstad;Samtliga;920;81,5;87,6;230,5;458;49,8;81,9;87,8;246,0;462;50,2;81,2;87,4;215,0;
Karlstad;Kommunal;753;78,8;85,0;220,9;377;50,1;79,0;85,1;237,3;376;49,9;78,5;84,8;204,5;
Karlstad;Enskild;167;94,0;~100;273,0;81;48,5;95,1;100,0;286,3;86;51,5;93,0;~100;260,4;
Katrineholm;Samtliga;441;69,2;79,4;207,0;216;49,0;76,4;84,3;226,1;225;51,0;62,2;74,7;188,6;
Katrineholm;Kommunal;375;65,9;77,3;201,1;176;46,9;73,9;82,4;221,3;199;53,1;58,8;72,9;183,3;
Katrineholm;Enskild;66;87,9;90,9;239,7;40;60,6;87,5;~100;246,9;26;39,4;88,5;~100;228,7;
Kil;Samtliga;135;70,4;88,9;206,4;53;39,3;69,8;90,6;216,8;82;60,7;70,7;87,8;199,7;
Kil;Kommunal;135;70,4;88,9;206,4;53;39,3;69,8;90,6;216,8;82;60,7;70,7;87,8;199,7;
Kinda;Samtliga;88;86,4;89,8;230,0;52;59,1;86,5;88,5;233,0;36;40,9;86,1;~100;225,6;
Kinda;Kommunal;88;86,4;89,8;230,0;52;59,1;86,5;88,5;233,0;36;40,9;86,1;~100;225,6;
Kiruna;Samtliga;264;74,6;84,8;222,8;127;48,1;74,0;84,3;231,8;137;51,9;75,2;85,4;214,5;
Kiruna;Kommunal;242;73,1;83,9;219,5;118;48,8;72,0;83,1;227,8;124;51,2;74,2;84,7;211,5;
Kiruna;Enskild;22;90,9;~100;259,1;..;..;..;..;..;..;..;84,6;~100;242,7;
Klippan;Samtliga;211;61,6;70,1;203,3;115;54,5;67,8;73,9;220,5;96;45,5;54,2;65,6;182,1;
Klippan;Kommunal;175;64,6;71,4;204,8;93;53,1;68,8;73,1;220,8;82;46,9;59,8;69,5;186,3;
Klippan;Enskild;36;47,2;63,9;195,8;22;61,1;63,6;77,3;219,4;14;38,9;..;..;154,4;
Knivsta;Samtliga;190;81,6;86,8;234,9;85;44,7;80,0;85,9;241,1;105;55,3;82,9;87,6;230,0;
Knivsta;Kommunal;180;81,7;87,2;236,2;83;46,1;80,7;86,7;242,1;97;53,9;82,5;87,6;231,1;
Knivsta;Enskild;10;..;..;213,3;..;..;..;..;..;..;..;..;..;..;
Kramfors;Samtliga;195;68,2;80,5;211,4;81;41,5;74,1;86,4;236,3;114;58,5;64,0;76,3;193,8;
Kramfors;Kommunal;195;68,2;80,5;211,4;81;41,5;74,1;86,4;236,3;114;58,5;64,0;76,3;193,8;
Kristianstad;Samtliga;988;69,6;78,3;214,1;430;43,5;75,1;83,3;233,1;558;56,5;65,4;74,6;199,3;
Kristianstad;Kommunal;894;68,7;77,3;213,0;382;42,7;74,6;82,7;233,4;512;57,3;64,3;73,2;197,6;
Kristianstad;Enskild;94;78,7;88,3;224,4;48;51,1;79,2;87,5;230,4;46;48,9;78,3;89,1;218,3;
Kristinehamn;Samtliga;262;65,6;76,0;203,2;109;41,6;75,2;83,5;227,9;153;58,4;58,8;70,6;185,4;
Kristinehamn;Kommunal;262;65,6;76,0;203,2;109;41,6;75,2;83,5;227,9;153;58,4;58,8;70,6;185,4;
Krokom;Samtliga;188;77,7;82,4;218,7;106;56,4;80,2;86,8;228,8;82;43,6;74,4;76,8;205,6;
Krokom;Kommunal;188;77,7;82,4;218,7;106;56,4;80,2;86,8;228,8;82;43,6;74,4;76,8;205,6;
Kumla;Samtliga;254;65,4;76,4;213,5;112;44,1;68,8;80,4;229,1;142;55,9;62,7;73,2;200,8;
Kumla;Kommunal;254;65,4;76,4;213,5;112;44,1;68,8;80,4;229,1;142;55,9;62,7;73,2;200,8;
Kungsbacka;Samtliga;1 105;80,7;87,3;231,6;497;45,0;87,5;94,2;249,9;608;55,0;75,2;81,7;216,5;
Kungsbacka;Kommunal;1 011;79,3;86,3;228,8;448;44,3;86,8;93,5;248,1;563;55,7;73,4;80,5;213,2;
Kungsbacka;Enskild;94;95,7;~100;261,8;49;52,1;93,9;100,0;265,9;45;47,9;97,8;~100;257,3;
Kungsör;Samtliga;103;69,9;81,6;213,6;44;42,7;77,3;88,6;221,6;59;57,3;64,4;76,3;207,1;
Kungsör;Kommunal;103;69,9;81,6;213,6;44;42,7;77,3;88,6;221,6;59;57,3;64,4;76,3;207,1;
Kungälv;Samtliga;495;82,2;87,9;235,1;231;46,7;83,1;89,6;247,0;264;53,3;81,4;86,4;224,9;
Kungälv;Kommunal;423;82,3;87,9;233,7;190;44,9;83,7;90,0;247,7;233;55,1;81,1;86,3;222,4;
Kungälv;Enskild;72;81,9;87,5;243,4;41;56,9;80,5;87,8;243,4;31;43,1;83,9;~100;243,3;
Kävlinge;Samtliga;342;81,9;89,2;232,2;177;51,8;82,5;89,8;244,8;165;48,2;81,2;88,5;218,9;
Kävlinge;Kommunal;288;81,3;88,5;231,2;143;49,7;83,2;90,2;246,8;145;50,3;79,3;86,9;216,0;
Kävlinge;Enskild;54;85,2;~100;237,5;34;63,0;79,4;~100;236,1;20;37,0;95,0;100,0;239,8;
Köping;Samtliga;258;70,2;88,8;208,9;124;48,1;73,4;90,3;219,3;134;51,9;67,2;87,3;199,2;
Köping;Kommunal;258;70,2;88,8;208,9;124;48,1;73,4;90,3;219,3;134;51,9;67,2;87,3;199,2;
Laholm;Samtliga;277;67,9;77,6;211,5;125;45,1;72,8;81,6;227,7;152;54,9;63,8;74,3;198,2;
Laholm;Kommunal;277;67,9;77,6;211,5;125;45,1;72,8;81,6;227,7;152;54,9;63,8;74,3;198,2;
Landskrona;Samtliga;503;70,0;78,9;224,0;235;46,7;75,7;84,3;247,2;268;53,3;64,9;74,3;203,4;
Landskrona;Kommunal;386;65,8;76,7;217,5;181;46,9;71,3;81,8;239,8;205;53,1;61,0;72,2;197,5;
Landskrona;Enskild;117;83,8;86,3;245,2;54;46,2;90,7;~100;272,2;63;53,8;77,8;81,0;222,1;
Laxå;Samtliga;67;50,7;64,2;163,8;35;52,2;62,9;74,3;192,6;32;47,8;37,5;53,1;132,3;
Laxå;Kommunal;67;50,7;64,2;163,8;35;52,2;62,9;74,3;192,6;32;47,8;37,5;53,1;132,3;
Lekeberg;Samtliga;64;92,2;92,2;224,4;27;42,2;100,0;100,0;255,9;37;57,8;86,5;86,5;201,4;
Lekeberg;Kommunal;64;92,2;92,2;224,4;27;42,2;100,0;100,0;255,9;37;57,8;86,5;86,5;201,4;
Leksand;Samtliga;162;75,3;82,1;222,7;74;45,7;77,0;86,5;239,3;88;54,3;73,9;78,4;208,4;
Leksand;Kommunal;158;75,3;81,6;222,1;71;44,9;77,5;85,9;239,2;87;55,1;73,6;78,2;207,8;
Leksand;Enskild;..;..;..;..;..;..;..;..;..;..;..;..;..;..;
Lerum;Samtliga;563;76,4;83,5;221,8;248;44,0;82,7;88,7;243,6;315;56,0;71,4;79,4;204,8;
Lerum;Kommunal;535;75,7;82,6;219,9;230;43,0;82,6;87,8;242,7;305;57,0;70,5;78,7;202,8;
Lerum;Enskild;28;89,3;100,0;257,5;18;64,3;83,3;100,0;253,9;10;35,7;100,0;100,0;264,0;
Lessebo;Samtliga;111;56,8;64,0;189,7;53;47,7;73,6;75,5;209,6;58;52,3;41,4;53,4;169,9;
Lessebo;Kommunal;111;56,8;64,0;189,7;53;47,7;73,6;75,5;209,6;58;52,3;41,4;53,4;169,9;
Lidingö;Samtliga;516;93,6;96,1;266,8;261;50,6;93,5;95,0;275,3;255;49,4;93,7;97,3;258,0;
Lidingö;Kommunal;400;93,8;96,0;266,1;200;50,0;93,0;95,0;274,1;200;50,0;94,5;97,0;258,0;
Lidingö;Enskild;116;93,1;~100;269,2;61;52,6;95,1;~100;279,3;55;47,4;90,9;~100;258,1;
Lidköping;Samtliga;457;76,1;82,9;215,2;203;44,4;83,7;91,6;240,4;254;55,6;70,1;76,0;194,4;
Lidköping;Kommunal;421;74,1;81,5;211,9;182;43,2;81,9;90,7;238,3;239;56,8;68,2;74,5;191,2;
Lidköping;Enskild;36;100,0;100,0;252,2;21;58,3;100,0;100,0;258,1;15;41,7;100,0;100,0;244,0;
Lilla Edet;Samtliga;115;60,9;72,2;184,6;47;40,9;70,2;85,1;211,4;68;59,1;54,4;63,2;165,6;
Lilla Edet;Kommunal;102;57,8;69,6;179,2;42;41,2;66,7;83,3;205,7;60;58,8;51,7;60,0;160,2;
Lilla Edet;Enskild;13;84,6;~100;224,8;..;..;..;..;..;..;..;..;..;..;
Lindesberg;Samtliga;242;63,6;70,7;200,7;123;50,8;63,4;72,4;212,8;119;49,2;63,9;68,9;188,2;
Lindesberg;Kommunal;242;63,6;70,7;200,7;123;50,8;63,4;72,4;212,8;119;49,2;63,9;68,9;188,2;
Linköping;Samtliga;1 669;75,6;82,9;225,2;794;47,6;81,4;87,4;242,9;875;52,4;70,4;78,7;209,1;
Linköping;Kommunal;1 206;71,8;78,8;218,1;570;47,3;77,2;84,4;237,1;636;52,7;67,0;73,7;201,1;
Linköping;Enskild;463;85,5;93,5;243,6;224;48,4;92,0;95,1;257,3;239;51,6;79,5;92,1;230,6;
Ljungby;Samtliga;315;69,5;78,4;212,2;150;47,6;82,7;87,3;243,8;165;52,4;57,6;70,3;183,1;
Ljungby;Kommunal;307;69,4;78,2;212,1;146;47,6;82,2;87,0;243,7;161;52,4;57,8;70,2;183,1;
Ljungby;Enskild;..;..;..;..;..;..;..;..;..;..;..;..;..;..;
Ljusdal;Samtliga;199;73,4;80,9;226,6;87;43,7;81,6;88,5;245,8;112;56,3;67,0;75,0;211,4;
Ljusdal;Kommunal;166;71,1;80,1;224,7;67;40,4;77,6;86,6;245,3;99;59,6;66,7;75,8;210,5;
Ljusdal;Enskild;33;84,8;84,8;235,8;20;60,6;95,0;~100;247,4;13;39,4;..;..;217,9;
Ljusnarsberg;Samtliga;50;54,0;72,0;189,9;23;46,0;52,2;78,3;195,5;27;54,0;55,6;66,7;185,1;
Ljusnarsberg;Kommunal;50;54,0;72,0;189,9;23;46,0;52,2;78,3;195,5;27;54,0;55,6;66,7;185,1;
Lomma;Samtliga;301;90,0;93,4;253,6;139;46,2;92,8;96,4;268,9;162;53,8;87,7;90,7;240,5;
Lomma;Kommunal;283;90,1;93,3;253,2;127;44,9;93,7;~100;271,5;156;55,1;87,2;90,4;238,3;
Lomma;Enskild;18;88,9;~100;260,4;..;..;83,3;~100;242,1;..;..;..;..;..;
Ludvika;Samtliga;279;66,7;76,3;192,6;128;45,9;78,1;85,9;224,9;151;54,1;57,0;68,2;164,6;
Ludvika;Kommunal;279;66,7;76,3;192,6;128;45,9;78,1;85,9;224,9;151;54,1;57,0;68,2;164,6;
Luleå;Samtliga;769;82,3;88,0;232,0;388;50,5;85,3;90,2;248,0;381;49,5;79,3;85,8;215,7;
Luleå;Kommunal;666;81,1;87,1;230,0;337;50,6;84,0;89,0;246,1;329;49,4;78,1;85,1;213,6;
Luleå;Enskild;103;90,3;94,2;244,3;51;49,5;94,1;~100;260,1;52;50,5;86,5;90,4;228,9;
Lund;Samtliga;1 263;87,6;92,7;253,4;609;48,2;89,8;94,5;268,1;654;51,8;85,5;90,9;239,7;
Lund;Kommunal;1 010;87,3;92,4;251,7;464;45,9;91,2;95,4;268,9;546;54,1;84,0;89,8;236,9;
Lund;Enskild;253;88,5;93,7;260,2;145;57,3;85,5;91,7;265,6;108;42,7;92,6;~100;253,0;
Lycksele;Samtliga;134;72,4;90,3;204,9;65;48,5;73,8;89,2;218,6;69;51,5;71,0;91,3;192,3;
Lycksele;Kommunal;134;72,4;90,3;204,9;65;48,5;73,8;89,2;218,6;69;51,5;71,0;91,3;192,3;
Lysekil;Samtliga;166;68,1;80,1;214,0;90;54,2;77,8;86,7;243,4;76;45,8;56,6;72,4;179,0;
Lysekil;Kommunal;166;68,1;80,1;214,0;90;54,2;77,8;86,7;243,4;76;45,8;56,6;72,4;179,0;
Malmö;Samtliga;2 845;65,7;76,3;221,4;1 384;48,6;68,4;79,5;233,8;1 461;51,4;63,1;73,2;209,3;
Malmö;Kommunal;2 321;61,8;73,1;214,8;1 118;48,2;64,8;76,8;228,1;1 203;51,8;59,0;69,6;202,2;
Malmö;Enskild;524;84,4;92,0;253,5;266;50,8;84,3;91,6;259,4;258;49,2;84,5;92,5;246,9;
Malung-Sälen;Samtliga;97;88,7;91,8;232,9;41;42,3;90,2;~100;242,9;56;57,7;87,5;89,3;225,7;
Malung-Sälen;Kommunal;97;88,7;91,8;232,9;41;42,3;90,2;~100;242,9;56;57,7;87,5;89,3;225,7;
Malå;Samtliga;39;64,1;69,2;195,3;20;51,3;60,0;70,0;209,8;19;48,7;68,4;68,4;179,3;
Malå;Kommunal;39;64,1;69,2;195,3;20;51,3;60,0;70,0;209,8;19;48,7;68,4;68,4;179,3;
Mariestad;Samtliga;259;73,0;81,9;215,8;120;46,3;84,2;89,2;238,7;139;53,7;63,3;75,5;195,6;
Mariestad;Kommunal;197;68,0;78,7;207,5;91;46,2;81,3;86,8;233,9;106;53,8;56,6;71,7;184,3;
Mariestad;Enskild;62;88,7;91,9;242,9;29;46,8;93,1;~100;254,0;33;53,2;84,8;~100;232,8;
Mark;Samtliga;445;69,7;79,3;208,0;180;40,4;76,7;85,6;229,1;265;59,6;64,9;75,1;193,3;
Mark;Kommunal;425;68,7;78,4;206,7;168;39,5;76,2;84,5;228,2;257;60,5;63,8;74,3;192,3;
Mark;Enskild;20;90,0;100,0;234,6;..;..;83,3;100,0;241,7;..;..;..;..;..;
Markaryd;Samtliga;123;66,7;72,4;206,9;57;46,3;78,9;86,0;241,4;66;53,7;56,1;60,6;176,8;
Markaryd;Kommunal;123;66,7;72,4;206,9;57;46,3;78,9;86,0;241,4;66;53,7;56,1;60,6;176,8;
Mellerud;Samtliga;92;64,1;72,8;207,6;41;44,6;65,9;70,7;222,6;51;55,4;62,7;74,5;194,7;
Mellerud;Kommunal;92;64,1;72,8;207,6;41;44,6;65,9;70,7;222,6;51;55,4;62,7;74,5;194,7;
Mjölby;Samtliga;257;72,0;79,8;212,2;123;47,9;73,2;81,3;222,7;134;52,1;70,9;78,4;202,6;
Mjölby;Kommunal;257;72,0;79,8;212,2;123;47,9;73,2;81,3;222,7;134;52,1;70,9;78,4;202,6;
Mora;Samtliga;202;72,8;77,2;206,5;88;43,6;77,3;81,8;227,3;114;56,4;69,3;73,7;190,1;
Mora;Kommunal;202;72,8;77,2;206,5;88;43,6;77,3;81,8;227,3;114;56,4;69,3;73,7;190,1;
Motala;Samtliga;451;72,5;81,8;214,6;218;48,3;78,9;86,7;228,6;233;51,7;66,5;77,3;201,5;
Motala;Kommunal;370;70,3;79,5;212,8;167;45,1;76,6;84,4;228,3;203;54,9;65,0;75,4;199,9;
Motala;Enskild;81;82,7;92,6;223,1;51;63,0;86,3;~100;229,4;30;37,0;76,7;~100;212,3;
Mullsjö;Samtliga;72;83,3;87,5;212,4;33;45,8;97,0;~100;241,1;39;54,2;71,8;79,5;188,1;
Mullsjö;Kommunal;72;83,3;87,5;212,4;33;45,8;97,0;~100;241,1;39;54,2;71,8;79,5;188,1;
Munkedal;Samtliga;115;59,1;71,3;187,2;45;39,1;66,7;75,6;202,6;70;60,9;54,3;68,6;177,5;
Munkedal;Kommunal;115;59,1;71,3;187,2;45;39,1;66,7;75,6;202,6;70;60,9;54,3;68,6;177,5;
Munkfors;Samtliga;40;65,0;75,0;204,0;19;47,5;68,4;73,7;220,6;21;52,5;61,9;76,2;189,9;
Munkfors;Kommunal;40;65,0;75,0;204,0;19;47,5;68,4;73,7;220,6;21;52,5;61,9;76,2;189,9;
Mölndal;Samtliga;666;80,5;87,8;232,5;304;45,6;85,9;90,1;249,9;362;54,4;76,0;85,9;217,7;
Mölndal;Kommunal;587;79,9;86,7;231,4;264;45,0;86,0;89,0;250,1;323;55,0;74,9;84,8;215,9;
Mölndal;Enskild;79;84,8;~100;240,6;40;50,6;85,0;~100;248,6;39;49,4;84,6;~100;232,3;
Mönsterås;Samtliga;153;58,2;68,6;195,0;70;45,8;68,6;74,3;213,9;83;54,2;49,4;63,9;177,1;
Mönsterås;Kommunal;153;58,2;68,6;195,0;70;45,8;68,6;74,3;213,9;83;54,2;49,4;63,9;177,1;
Mörbylånga;Samtliga;172;83,1;90,1;213,8;81;47,1;91,4;~100;228,5;91;52,9;75,8;85,7;200,3;
Mörbylånga;Kommunal;133;78,2;87,2;209,7;65;48,9;89,2;~100;230,3;68;51,1;67,6;80,9;189,0;
Mörbylånga;Enskild;39;100,0;100,0;227,6;16;41,0;100,0;100,0;220,9;23;59,0;100,0;100,0;232,3;
Nacka;Samtliga;1 261;89,7;94,0;266,3;606;48,1;91,6;95,5;277,5;655;51,9;87,9;92,5;256,0;
Nacka;Kommunal;810;89,5;94,3;264,7;400;49,4;91,0;95,0;273,0;410;50,6;88,0;93,7;256,7;
Nacka;Enskild;451;90,0;93,3;269,4;206;45,7;92,7;96,6;286,3;245;54,3;87,8;90,6;255,0;
Nora;Samtliga;114;66,7;86,0;200,4;57;50,0;70,2;82,5;216,3;57;50,0;63,2;89,5;185,9;
Nora;Kommunal;114;66,7;86,0;200,4;57;50,0;70,2;82,5;216,3;57;50,0;63,2;89,5;185,9;
Norberg;Samtliga;69;50,7;56,5;163,8;30;43,5;56,7;63,3;186,9;39;56,5;46,2;51,3;145,0;
Norberg;Kommunal;69;50,7;56,5;163,8;30;43,5;56,7;63,3;186,9;39;56,5;46,2;51,3;145,0;
Nordanstig;Samtliga;68;45,6;76,5;162,5;24;35,3;54,2;79,2;176,1;44;64,7;40,9;75,0;154,9;
Nordanstig;Kommunal;62;43,5;74,2;158,8;24;38,7;54,2;79,2;176,1;38;61,3;36,8;71,1;147,5;
Nordanstig;Enskild;..;..;..;..;..;..;.;.;.;..;..;..;..;..;
Nordmaling;Samtliga;76;73,7;78,9;210,7;31;40,8;80,6;~100;230,0;45;59,2;68,9;73,3;197,2;
Nordmaling;Kommunal;76;73,7;78,9;210,7;31;40,8;80,6;~100;230,0;45;59,2;68,9;73,3;197,2;
Norrköping;Samtliga;1 520;68,5;78,5;213,7;687;45,2;70,3;79,5;226,1;833;54,8;67,0;77,7;203,4;
Norrköping;Kommunal;1 086;63,2;73,8;204,3;508;46,8;66,1;76,2;216,1;578;53,2;60,6;71,6;193,9;
Norrköping;Enskild;434;81,8;90,3;236,7;179;41,2;82,1;88,8;254,2;255;58,8;81,6;91,4;224,4;
Norrtälje;Samtliga;628;73,2;83,0;222,0;299;47,6;80,9;88,6;245,8;329;52,4;66,3;77,8;200,3;
Norrtälje;Kommunal;531;71,0;80,8;216,5;246;46,3;80,1;87,0;243,5;285;53,7;63,2;75,4;193,3;
Norrtälje;Enskild;97;85,6;94,8;251,3;53;54,6;84,9;~100;256,6;44;45,4;86,4;~100;245,1;
Norsjö;Samtliga;53;58,5;67,9;194,2;26;49,1;65,4;73,1;198,3;27;50,9;51,9;63,0;189,6;
Norsjö;Kommunal;53;58,5;67,9;194,2;26;49,1;65,4;73,1;198,3;27;50,9;51,9;63,0;189,6;
Nybro;Samtliga;228;64,9;70,6;207,5;100;43,9;71,0;76,0;234,1;128;56,1;60,2;66,4;186,4;
Nybro;Kommunal;228;64,9;70,6;207,5;100;43,9;71,0;76,0;234,1;128;56,1;60,2;66,4;186,4;
Nykvarn;Samtliga;145;89,7;93,8;240,6;69;47,6;85,5;92,8;254,9;76;52,4;93,4;~100;227,8;
Nykvarn;Kommunal;145;89,7;93,8;240,6;69;47,6;85,5;92,8;254,9;76;52,4;93,4;~100;227,8;
Nyköping;Samtliga;638;70,4;79,5;214,1;314;49,2;76,1;82,5;237,3;324;50,8;64,8;76,5;191,9;
Nyköping;Kommunal;454;65,2;75,8;205,2;203;44,7;70,9;78,3;228,1;251;55,3;60,6;73,7;186,9;
Nyköping;Enskild;184;83,2;88,6;236,0;111;60,3;85,6;90,1;254,0;73;39,7;79,5;86,3;208,7;
Nynäshamn;Samtliga;272;72,8;82,0;212,3;129;47,4;76,7;85,3;230,2;143;52,6;69,2;79,0;195,8;
Nynäshamn;Kommunal;272;72,8;82,0;212,3;129;47,4;76,7;85,3;230,2;143;52,6;69,2;79,0;195,8;
Nässjö;Samtliga;350;66,0;77,1;209,6;164;46,9;72,0;78,7;224,6;186;53,1;60,8;75,8;196,3;
Nässjö;Kommunal;350;66,0;77,1;209,6;164;46,9;72,0;78,7;224,6;186;53,1;60,8;75,8;196,3;
Ockelbo;Samtliga;48;81,3;85,4;222,9;19;39,6;84,2;~100;238,6;29;60,4;79,3;82,8;212,3;
Ockelbo;Kommunal;48;81,3;85,4;222,9;19;39,6;84,2;~100;238,6;29;60,4;79,3;82,8;212,3;
Olofström;Samtliga;121;77,7;87,6;214,3;59;48,8;79,7;91,5;225,9;62;51,2;75,8;83,9;203,2;
Olofström;Kommunal;121;77,7;87,6;214,3;59;48,8;79,7;91,5;225,9;62;51,2;75,8;83,9;203,2;
Orsa;Samtliga;78;75,6;87,2;214,0;33;42,3;78,8;~100;233,2;45;57,7;73,3;86,7;200,0;
Orsa;Kommunal;78;75,6;87,2;214,0;33;42,3;78,8;~100;233,2;45;57,7;73,3;86,7;200,0;
Orust;Samtliga;161;77,0;82,0;217,0;70;43,5;78,6;81,4;231,6;91;56,5;75,8;82,4;205,5;
Orust;Kommunal;161;77,0;82,0;217,0;70;43,5;78,6;81,4;231,6;91;56,5;75,8;82,4;205,5;
Osby;Samtliga;136;68,4;77,2;204,6;67;49,3;73,1;82,1;223,1;69;50,7;63,8;72,5;187,0;
Osby;Kommunal;136;68,4;77,2;204,6;67;49,3;73,1;82,1;223,1;69;50,7;63,8;72,5;187,0;
Oskarshamn;Samtliga;307;75,2;82,1;221,9;152;49,5;83,6;88,2;242,0;155;50,5;67,1;76,1;201,0;
Oskarshamn;Kommunal;307;75,2;82,1;221,9;152;49,5;83,6;88,2;242,0;155;50,5;67,1;76,1;201,0;
Ovanåker;Samtliga;131;70,2;78,6;216,5;57;43,5;80,7;89,5;244,6;74;56,5;62,2;70,3;194,6;
Ovanåker;Kommunal;131;70,2;78,6;216,5;57;43,5;80,7;89,5;244,6;74;56,5;62,2;70,3;194,6;
Oxelösund;Samtliga;85;78,8;82,4;216,4;50;58,8;84,0;86,0;229,0;35;41,2;71,4;77,1;198,6;
Oxelösund;Kommunal;85;78,8;82,4;216,4;50;58,8;84,0;86,0;229,0;35;41,2;71,4;77,1;198,6;
Pajala;Samtliga;69;55,1;59,4;197,4;21;30,4;76,2;76,2;268,5;48;69,6;45,8;52,1;167,7;
Pajala;Kommunal;64;53,1;57,8;196,3;20;31,3;75,0;75,0;270,5;44;68,8;43,2;50,0;164,2;
Pajala;Enskild;..;..;..;..;..;..;..;..;..;..;..;..;..;..;
Partille;Samtliga;448;83,3;88,6;238,1;188;42,0;88,3;90,4;248,7;260;58,0;79,6;87,3;230,5;
Partille;Kommunal;429;82,5;88,1;237,1;181;42,2;87,8;90,1;247,2;248;57,8;78,6;86,7;229,7;
Partille;Enskild;19;100,0;100,0;262,2;..;..;..;..;..;..;..;100,0;100,0;247,7;
Perstorp;Samtliga;87;46,0;57,5;162,3;41;47,1;56,1;68,3;193,9;46;52,9;37,0;47,8;132,1;
Perstorp;Kommunal;87;46,0;57,5;162,3;41;47,1;56,1;68,3;193,9;46;52,9;37,0;47,8;132,1;
Piteå;Samtliga;483;83,6;88,8;227,6;225;46,6;86,7;92,0;243,3;258;53,4;81,0;86,0;213,8;
Piteå;Kommunal;483;83,6;88,8;227,6;225;46,6;86,7;92,0;243,3;258;53,4;81,0;86,0;213,8;
Ragunda;Samtliga;69;53,6;59,4;172,0;31;44,9;54,8;61,3;190,0;38;55,1;52,6;57,9;157,2;
Ragunda;Kommunal;69;53,6;59,4;172,0;31;44,9;54,8;61,3;190,0;38;55,1;52,6;57,9;157,2;
Robertsfors;Samtliga;63;69,8;77,8;214,1;22;34,9;77,3;~100;217,5;41;65,1;65,9;73,2;212,2;
Robertsfors;Kommunal;63;69,8;77,8;214,1;22;34,9;77,3;~100;217,5;41;65,1;65,9;73,2;212,2;
Ronneby;Samtliga;295;68,5;75,3;207,4;133;45,1;73,7;79,7;225,3;162;54,9;64,2;71,6;192,2;
Ronneby;Kommunal;273;68,1;74,7;209,6;122;44,7;73,0;78,7;226,6;151;55,3;64,2;71,5;195,5;
Ronneby;Enskild;22;72,7;~100;181,6;11;50,0;..;~100;211,4;11;50,0;..;..;151,8;
Rättvik;Samtliga;108;85,2;95,4;213,6;44;40,7;79,5;~100;226,2;64;59,3;89,1;~100;205,0;
Rättvik;Kommunal;108;85,2;95,4;213,6;44;40,7;79,5;~100;226,2;64;59,3;89,1;~100;205,0;
Sala;Samtliga;206;68,9;83,5;215,0;102;49,5;74,5;86,3;234,2;104;50,5;63,5;80,8;196,3;
Sala;Kommunal;206;68,9;83,5;215,0;102;49,5;74,5;86,3;234,2;104;50,5;63,5;80,8;196,3;
Salem;Samtliga;208;88,0;91,8;241,7;94;45,2;92,6;~100;258,0;114;54,8;84,2;88,6;228,2;
Salem;Kommunal;181;87,8;91,2;243,1;84;46,4;91,7;~100;260,3;97;53,6;84,5;87,6;228,3;
Salem;Enskild;27;88,9;~100;232,0;10;37,0;100,0;100,0;239,0;17;63,0;82,4;~100;227,9;
Sandviken;Samtliga;441;60,1;73,5;197,4;202;45,8;70,3;80,2;218,8;239;54,2;51,5;67,8;179,2;
Sandviken;Kommunal;403;57,6;71,7;193,4;188;46,7;68,1;78,7;214,8;215;53,3;48,4;65,6;174,4;
Sandviken;Enskild;38;86,8;~100;239,1;14;36,8;100,0;100,0;271,4;24;63,2;79,2;~100;220,3;
Sigtuna;Samtliga;553;75,5;80,7;217,4;277;50,1;79,8;86,0;239,0;276;49,9;71,1;75,4;195,7;
Sigtuna;Kommunal;377;69,2;75,3;203,6;193;51,2;75,6;82,9;230,3;184;48,8;62,5;67,4;175,5;
Sigtuna;Enskild;176;92,7;95,6;255,5;84;47,7;92,3;~100;264,5;92;52,3;93,1;~100;247,3;
Simrishamn;Samtliga;215;69,8;77,2;214,7;96;44,7;78,1;80,2;234,9;119;55,3;63,0;74,8;198,4;
Simrishamn;Kommunal;161;68,9;75,8;208,9;69;42,9;76,8;78,3;230,3;92;57,1;63,0;73,9;192,9;
Simrishamn;Enskild;54;72,2;81,5;232,0;27;50,0;81,5;~100;246,7;27;50,0;63,0;77,8;217,3;
Sjöbo;Samtliga;178;71,9;78,1;215,8;73;41,0;84,9;86,3;242,1;105;59,0;62,9;72,4;197,5;
Sjöbo;Kommunal;172;74,4;78,5;218,7;73;42,4;84,9;86,3;242,1;99;57,6;66,7;72,7;201,4;
Sjöbo;Enskild;..;.;..;..;..;..;.;.;.;..;..;.;..;..;
Skara;Samtliga;231;68,0;79,7;205,2;121;52,4;76,0;84,3;222,6;110;47,6;59,1;74,5;186,2;
Skara;Kommunal;196;64,8;78,1;202,1;98;50,0;74,5;84,7;219,8;98;50,0;55,1;71,4;184,4;
Skara;Enskild;35;85,7;~100;223,2;23;65,7;82,6;~100;235,0;12;34,3;91,7;100,0;201,5;
Skellefteå;Samtliga;789;77,1;86,8;218,0;389;49,3;80,7;88,7;232,2;400;50,7;73,5;85,0;204,3;
Skellefteå;Kommunal;765;77,1;87,1;218,7;376;49,2;81,6;89,6;234,3;389;50,8;72,8;84,6;203,7;
Skellefteå;Enskild;24;75,0;79,2;196,5;13;54,2;..;..;171,5;11;45,8;100,0;100,0;225,9;
Skinnskatteberg;Samtliga;42;40,5;66,7;175,8;22;52,4;45,5;~100;195,5;20;47,6;..;50,0;152,9;
Skinnskatteberg;Kommunal;42;40,5;66,7;175,8;22;52,4;45,5;~100;195,5;20;47,6;..;50,0;152,9;
Skurup;Samtliga;173;79,2;87,9;223,2;88;50,9;83,0;89,8;238,9;85;49,1;75,3;85,9;207,1;
Skurup;Kommunal;173;79,2;87,9;223,2;88;50,9;83,0;89,8;238,9;85;49,1;75,3;85,9;207,1;
Skövde;Samtliga;565;73,8;83,2;213,9;256;45,3;80,1;88,3;229,3;309;54,7;68,6;79,0;200,7;
Skövde;Kommunal;564;73,9;83,3;214,0;256;45,4;80,1;88,3;229,3;308;54,6;68,8;79,2;200,9;
Skövde;Enskild;..;.;.;..;..;..;.;.;.;..;..;.;.;..;
Smedjebacken;Samtliga;86;61,6;74,4;199,9;34;39,5;70,6;~100;231,5;52;60,5;55,8;63,5;178,0;
Smedjebacken;Kommunal;86;61,6;74,4;199,9;34;39,5;70,6;~100;231,5;52;60,5;55,8;63,5;178,0;
Sollefteå;Samtliga;240;65,4;74,6;196,9;98;40,8;70,4;79,6;209,3;142;59,2;62,0;71,1;188,1;
Sollefteå;Kommunal;240;65,4;74,6;196,9;98;40,8;70,4;79,6;209,3;142;59,2;62,0;71,1;188,1;
Sollentuna;Samtliga;923;85,5;90,9;255,3;458;49,6;88,4;93,4;267,9;465;50,4;82,6;88,4;242,8;
Sollentuna;Kommunal;707;84,2;90,1;252,7;341;48,2;87,7;93,5;266,6;366;51,8;80,9;86,9;239,6;
Sollentuna;Enskild;216;89,8;93,5;263,8;117;54,2;90,6;93,2;271,7;99;45,8;88,9;93,9;254,4;
Solna;Samtliga;442;72,2;84,4;227,8;197;44,6;75,1;89,3;246,1;245;55,4;69,8;80,4;213,1;
Solna;Kommunal;284;71,5;84,9;223,5;123;43,3;78,0;94,3;248,3;161;56,7;66,5;77,6;204,2;
Solna;Enskild;158;73,4;83,5;235,7;74;46,8;70,3;81,1;242,2;84;53,2;76,2;85,7;230,1;
Sorsele;Samtliga;34;70,6;82,4;216,0;16;47,1;75,0;~100;233,8;18;52,9;66,7;~100;200,1;
Sorsele;Kommunal;34;70,6;82,4;216,0;16;47,1;75,0;~100;233,8;18;52,9;66,7;~100;200,1;
Sotenäs;Samtliga;96;66,7;79,2;197,8;43;44,8;81,4;86,0;232,4;53;55,2;54,7;73,6;169,2;
Sotenäs;Kommunal;96;66,7;79,2;197,8;43;44,8;81,4;86,0;232,4;53;55,2;54,7;73,6;169,2;
Staffanstorp;Samtliga;296;83,4;89,5;239,5;133;44,9;84,2;90,2;255,2;163;55,1;82,8;89,0;226,6;
Staffanstorp;Kommunal;296;83,4;89,5;239,5;133;44,9;84,2;90,2;255,2;163;55,1;82,8;89,0;226,6;
Stenungsund;Samtliga;300;73,0;81,0;217,8;151;50,3;77,5;84,1;238,3;149;49,7;68,5;77,9;197,2;
Stenungsund;Kommunal;285;73,3;81,4;217,8;141;49,5;78,7;85,1;239,7;144;50,5;68,1;77,8;196,4;
Stenungsund;Enskild;15;66,7;~100;217,7;..;..;..;..;..;..;..;..;..;..;
Stockholm;Samtliga;8 994;79,7;86,9;247,0;4 346;48,3;83,7;89,9;263,2;4 648;51,7;75,9;84,2;231,8;
Stockholm;Kommunal;5 778;78,4;84,7;241,8;2 641;45,7;83,2;89,0;260,5;3 137;54,3;74,4;81,1;225,9;
Stockholm;Enskild;3 216;82,1;91,2;256,8;1 705;53,0;84,7;91,4;267,7;1 511;47,0;79,2;90,9;244,4;
Storfors;Samtliga;65;89,2;~100;231,2;35;53,8;94,3;~100;247,9;30;46,2;83,3;~100;211,8;
Storfors;Kommunal;47;85,1;~100;219,6;26;55,3;92,3;~100;245,4;21;44,7;76,2;~100;187,6;
Storfors;Enskild;18;100,0;100,0;261,5;..;..;..;..;..;..;..;..;..;..;
Storuman;Samtliga;62;58,1;66,1;209,0;26;41,9;73,1;~100;238,5;36;58,1;47,2;52,8;181,7;
Storuman;Kommunal;62;58,1;66,1;209,0;26;41,9;73,1;~100;238,5;36;58,1;47,2;52,8;181,7;
Strängnäs;Samtliga;408;77,0;87,3;232,2;213;52,2;81,7;89,7;246,7;195;47,8;71,8;84,6;215,9;
Strängnäs;Kommunal;224;67,9;80,8;211,7;108;48,2;72,2;83,3;224,3;116;51,8;63,8;78,4;199,4;
Strängnäs;Enskild;184;88,0;95,1;256,5;105;57,1;91,4;~100;269,6;79;42,9;83,5;93,7;239,0;
Strömstad;Samtliga;134;67,9;79,1;222,7;61;45,5;75,4;82,0;246,7;73;54,5;61,6;76,7;203,0;
Strömstad;Kommunal;134;67,9;79,1;222,7;61;45,5;75,4;82,0;246,7;73;54,5;61,6;76,7;203,0;
Strömsund;Samtliga;130;67,7;78,5;201,7;64;49,2;87,5;~100;241,6;66;50,8;48,5;60,6;162,5;
Strömsund;Kommunal;130;67,7;78,5;201,7;64;49,2;87,5;~100;241,6;66;50,8;48,5;60,6;162,5;
Sundbyberg;Samtliga;309;68,6;82,2;231,8;165;53,4;69,7;83,0;245,8;144;46,6;67,4;81,3;215,8;
Sundbyberg;Kommunal;163;57,1;73,6;216,5;80;49,1;56,3;72,5;228,9;83;50,9;57,8;74,7;204,6;
Sundbyberg;Enskild;146;81,5;91,8;248,6;85;58,2;82,4;92,9;261,3;61;41,8;80,3;90,2;230,8;
Sundsvall;Samtliga;1 086;73,6;81,6;218,7;518;47,7;76,4;84,4;229,4;568;52,3;71,0;79,0;208,9;
Sundsvall;Kommunal;747;64,9;75,0;202,5;354;47,4;69,5;79,1;214,0;393;52,6;60,8;71,2;192,1;
Sundsvall;Enskild;339;92,6;96,2;254,1;164;48,4;91,5;95,7;262,6;175;51,6;93,7;96,6;246,0;
Sunne;Samtliga;145;62,8;74,5;206,8;67;46,2;79,1;83,6;230,6;78;53,8;48,7;66,7;185,4;
Sunne;Kommunal;145;62,8;74,5;206,8;67;46,2;79,1;83,6;230,6;78;53,8;48,7;66,7;185,4;
Surahammar;Samtliga;97;72,2;87,6;215,5;46;47,4;84,8;~100;238,3;51;52,6;60,8;82,4;194,9;
Surahammar;Kommunal;97;72,2;87,6;215,5;46;47,4;84,8;~100;238,3;51;52,6;60,8;82,4;194,9;
Svalöv;Samtliga;154;63,6;74,0;201,6;72;46,8;61,1;72,2;211,7;82;53,2;65,9;75,6;192,7;
Svalöv;Kommunal;114;63,2;72,8;200,7;54;47,4;63,0;72,2;211,8;60;52,6;63,3;73,3;190,7;
Svalöv;Enskild;40;65,0;77,5;204,0;18;45,0;55,6;72,2;211,3;22;55,0;72,7;~100;198,1;
Svedala;Samtliga;254;85,8;92,1;233,8;125;49,2;89,6;95,2;252,5;129;50,8;82,2;89,1;215,6;
Svedala;Kommunal;254;85,8;92,1;233,8;125;49,2;89,6;95,2;252,5;129;50,8;82,2;89,1;215,6;
Svenljunga;Samtliga;145;53,8;74,5;193,2;60;41,4;65,0;83,3;225,5;85;58,6;45,9;68,2;170,6;
Svenljunga;Kommunal;145;53,8;74,5;193,2;60;41,4;65,0;83,3;225,5;85;58,6;45,9;68,2;170,6;
Säffle;Samtliga;195;63,6;76,9;207,3;99;50,8;69,7;83,8;222,2;96;49,2;57,3;69,8;191,2;
Säffle;Kommunal;195;63,6;76,9;207,3;99;50,8;69,7;83,8;222,2;96;49,2;57,3;69,8;191,2;
Säter;Samtliga;89;74,2;83,1;208,9;35;39,3;82,9;~100;217,9;54;60,7;68,5;79,6;202,6;
Säter;Kommunal;89;74,2;83,1;208,9;35;39,3;82,9;~100;217,9;54;60,7;68,5;79,6;202,6;
Sävsjö;Samtliga;127;66,1;73,2;204,8;57;44,9;75,4;86,0;231,3;70;55,1;58,6;62,9;182,3;
Sävsjö;Kommunal;124;66,9;74,2;205,5;55;44,4;78,2;89,1;235,2;69;55,6;58,0;62,3;180,8;
Sävsjö;Enskild;..;..;..;..;..;..;.;.;..;..;..;..;..;..;
Söderhamn;Samtliga;282;68,1;77,7;206,2;119;42,2;71,4;82,4;219,5;163;57,8;65,6;74,2;196,7;
Söderhamn;Kommunal;272;69,5;79,0;206,3;112;41,2;75,0;86,6;220,4;160;58,8;65,6;73,8;196,2;
Söderhamn;Enskild;10;..;..;..;..;..;..;..;..;..;..;..;..;..;
Söderköping;Samtliga;164;74,4;81,1;216,6;82;50,0;82,9;90,2;243,3;82;50,0;65,9;72,0;189,3;
Söderköping;Kommunal;149;73,8;80,5;214,2;69;46,3;81,2;88,4;239,3;80;53,7;67,5;73,8;192,1;
Söderköping;Enskild;15;80,0;~100;239,7;..;..;92,3;100,0;263,7;..;..;.;.;..;
Södertälje;Samtliga;1 056;72,0;83,3;224,2;519;49,1;74,8;85,0;232,1;537;50,9;69,3;81,8;216,5;
Södertälje;Kommunal;819;68,0;81,3;217,6;417;50,9;71,5;83,2;227,1;402;49,1;64,4;79,4;207,7;
Södertälje;Enskild;237;85,7;90,3;247,3;102;43,0;88,2;92,2;252,6;135;57,0;83,7;88,9;243,2;
Sölvesborg;Samtliga;177;75,1;80,8;216,3;88;49,7;81,8;87,5;233,2;89;50,3;68,5;74,2;199,1;
Sölvesborg;Kommunal;177;75,1;80,8;216,3;88;49,7;81,8;87,5;233,2;89;50,3;68,5;74,2;199,1;
Tanum;Samtliga;122;68,0;78,7;201,7;61;50,0;82,0;86,9;229,5;61;50,0;54,1;70,5;173,4;
Tanum;Kommunal;122;68,0;78,7;201,7;61;50,0;82,0;86,9;229,5;61;50,0;54,1;70,5;173,4;
Tibro;Samtliga;119;63,0;75,6;202,3;58;48,7;72,4;84,5;217,5;61;51,3;54,1;67,2;187,2;
Tibro;Kommunal;119;63,0;75,6;202,3;58;48,7;72,4;84,5;217,5;61;51,3;54,1;67,2;187,2;
Tidaholm;Samtliga;138;79,7;94,2;218,2;60;43,5;86,7;~100;235,2;78;56,5;74,4;92,3;205,1;
Tidaholm;Kommunal;138;79,7;94,2;218,2;60;43,5;86,7;~100;235,2;78;56,5;74,4;92,3;205,1;
Tierp;Samtliga;180;68,3;77,8;205,8;87;48,3;80,5;86,2;239,3;93;51,7;57,0;69,9;174,1;
Tierp;Kommunal;180;68,3;77,8;205,8;87;48,3;80,5;86,2;239,3;93;51,7;57,0;69,9;174,1;
Timrå;Samtliga;202;73,3;83,7;206,2;87;43,1;79,3;88,5;230,5;115;56,9;68,7;80,0;187,6;
Timrå;Kommunal;202;73,3;83,7;206,2;87;43,1;79,3;88,5;230,5;115;56,9;68,7;80,0;187,6;
Tingsryd;Samtliga;137;59,9;71,5;189,7;64;46,7;70,3;81,3;220,5;73;53,3;50,7;63,0;163,6;
Tingsryd;Kommunal;107;57,0;67,3;185,9;49;45,8;71,4;79,6;219,5;58;54,2;44,8;56,9;158,0;
Tingsryd;Enskild;30;70,0;~100;203,9;15;50,0;66,7;~100;223,9;15;50,0;73,3;~100;185,2;
Tjörn;Samtliga;154;79,2;81,8;221,6;67;43,5;80,6;85,1;235,6;87;56,5;78,2;79,3;210,7;
Tjörn;Kommunal;154;79,2;81,8;221,6;67;43,5;80,6;85,1;235,6;87;56,5;78,2;79,3;210,7;
Tomelilla;Samtliga;113;58,4;71,7;201,4;53;46,9;56,6;66,0;211,7;60;53,1;60,0;76,7;192,3;
Tomelilla;Kommunal;113;58,4;71,7;201,4;53;46,9;56,6;66,0;211,7;60;53,1;60,0;76,7;192,3;
Torsby;Samtliga;136;77,9;85,3;230,3;66;48,5;86,4;90,9;250,5;70;51,5;70,0;80,0;211,6;
Torsby;Kommunal;136;77,9;85,3;230,3;66;48,5;86,4;90,9;250,5;70;51,5;70,0;80,0;211,6;
Torsås;Samtliga;76;77,6;85,5;213,7;37;48,7;83,8;~100;244,5;39;51,3;71,8;82,1;184,5;
Torsås;Kommunal;76;77,6;85,5;213,7;37;48,7;83,8;~100;244,5;39;51,3;71,8;82,1;184,5;
Tranemo;Samtliga;131;63,4;76,3;205,9;57;43,5;70,2;77,2;230,1;74;56,5;58,1;75,7;187,3;
Tranemo;Kommunal;131;63,4;76,3;205,9;57;43,5;70,2;77,2;230,1;74;56,5;58,1;75,7;187,3;
Tranås;Samtliga;224;76,3;81,7;217,8;95;42,4;80,0;85,3;227,1;129;57,6;73,6;79,1;211,0;
Tranås;Kommunal;224;76,3;81,7;217,8;95;42,4;80,0;85,3;227,1;129;57,6;73,6;79,1;211,0;
Trelleborg;Samtliga;458;77,3;85,4;233,4;203;44,3;83,7;90,6;255,0;255;55,7;72,2;81,2;216,2;
Trelleborg;Kommunal;405;76,5;84,7;231,2;172;42,5;83,1;90,7;253,0;233;57,5;71,7;80,3;215,0;
Trelleborg;Enskild;53;83,0;90,6;251,0;31;58,5;87,1;~100;266,1;22;41,5;77,3;~100;229,5;
Trollhättan;Samtliga;743;71,3;80,3;222,4;356;47,9;72,2;81,7;234,5;387;52,1;70,5;79,1;211,2;
Trollhättan;Kommunal;624;69,1;78,5;219,9;299;47,9;71,2;80,6;235,0;325;52,1;67,1;76,6;205,8;
Trollhättan;Enskild;119;83,2;89,9;235,7;57;47,9;77,2;87,7;232,1;62;52,1;88,7;91,9;239,0;
Trosa;Samtliga;148;75,0;86,5;225,4;78;52,7;70,5;87,2;231,3;70;47,3;80,0;85,7;218,8;
Trosa;Kommunal;148;75,0;86,5;225,4;78;52,7;70,5;87,2;231,3;70;47,3;80,0;85,7;218,8;
Tyresö;Samtliga;544;74,8;84,0;231,6;251;46,1;82,5;89,6;252,0;293;53,9;68,3;79,2;213,7;
Tyresö;Kommunal;485;73,8;82,9;226,0;221;45,6;82,4;89,1;247,5;264;54,4;66,7;77,7;207,7;
Tyresö;Enskild;59;83,1;~100;277,0;30;50,8;83,3;~100;284,8;29;49,2;82,8;~100;268,7;
Täby;Samtliga;1 149;88,4;92,8;261,7;558;48,6;91,4;94,8;276,7;591;51,4;85,6;90,9;247,4;
Täby;Kommunal;463;87,0;90,7;253,6;194;41,9;91,8;93,3;270,7;269;58,1;83,6;88,8;241,3;
Täby;Enskild;686;89,4;94,2;267,1;364;53,1;91,2;95,6;279,9;322;46,9;87,3;92,5;252,5;
Töreboda;Samtliga;94;57,4;63,8;186,2;48;51,1;62,5;70,8;212,0;46;48,9;52,2;56,5;159,8;
Töreboda;Kommunal;94;57,4;63,8;186,2;48;51,1;62,5;70,8;212,0;46;48,9;52,2;56,5;159,8;
Uddevalla;Samtliga;608;69,4;81,4;208,0;281;46,2;72,6;83,3;219,4;327;53,8;66,7;79,8;198,1;
Uddevalla;Kommunal;516;69,0;81,2;205,2;236;45,7;72,5;83,9;218,6;280;54,3;66,1;78,9;193,7;
Uddevalla;Enskild;92;71,7;82,6;224,2;45;48,9;73,3;80,0;223,8;47;51,1;70,2;85,1;224,5;
Ulricehamn;Samtliga;251;63,7;76,9;211,4;120;47,8;65,8;79,2;228,8;131;52,2;61,8;74,8;194,7;
Ulricehamn;Kommunal;251;63,7;76,9;211,4;120;47,8;65,8;79,2;228,8;131;52,2;61,8;74,8;194,7;
Umeå;Samtliga;1 219;79,7;88,0;231,1;594;48,7;83,5;90,6;248,7;625;51,3;76,2;85,6;214,2;
Umeå;Kommunal;962;79,0;87,0;229,2;465;48,3;83,2;90,1;246,8;497;51,7;75,1;84,1;212,4;
Umeå;Enskild;257;82,5;91,8;238,2;129;50,2;84,5;92,2;255,7;128;49,8;80,5;91,4;220,7;
Upplands Väsby;Samtliga;482;72,6;80,9;232,5;217;45,0;78,8;87,1;248,5;265;55,0;67,5;75,8;218,4;
Upplands Väsby;Kommunal;295;65,1;75,6;222,6;122;41,4;70,5;82,0;236,8;173;58,6;61,3;71,1;211,4;
Upplands Väsby;Enskild;187;84,5;89,3;247,3;95;50,8;89,5;93,7;263,6;92;49,2;79,3;84,8;230,3;
Upplands-Bro;Samtliga;277;79,8;88,4;234,9;124;44,8;85,5;89,5;254,9;153;55,2;75,2;87,6;218,6;
Upplands-Bro;Kommunal;261;80,5;88,5;234,6;115;44,1;87,0;90,4;257,3;146;55,9;75,3;87,0;216,6;
Upplands-Bro;Enskild;16;68,8;~100;238,8;..;..;..;..;..;..;..;..;..;..;
Uppsala;Samtliga;2 321;75,3;83,7;232,4;1 103;47,5;82,0;88,4;249,2;1 218;52,5;69,2;79,5;217,0;
Uppsala;Kommunal;1 603;69,2;78,5;221,3;717;44,7;78,2;84,7;241,1;886;55,3;61,9;73,6;204,9;
Uppsala;Enskild;718;88,9;95,3;256,6;386;53,8;88,9;95,3;263,9;332;46,2;88,9;95,2;248,1;
Uppvidinge;Samtliga;121;66,1;71,9;204,9;49;40,5;77,6;77,6;225,5;72;59,5;58,3;68,1;190,8;
Uppvidinge;Kommunal;121;66,1;71,9;204,9;49;40,5;77,6;77,6;225,5;72;59,5;58,3;68,1;190,8;
Vadstena;Samtliga;71;78,9;84,5;233,0;33;46,5;84,8;~100;253,3;38;53,5;73,7;81,6;215,4;
Vadstena;Kommunal;71;78,9;84,5;233,0;33;46,5;84,8;~100;253,3;38;53,5;73,7;81,6;215,4;
Vaggeryd;Samtliga;169;60,9;68,6;199,6;76;45,0;71,1;80,3;229,4;93;55,0;52,7;59,1;175,1;
Vaggeryd;Kommunal;169;60,9;68,6;199,6;76;45,0;71,1;80,3;229,4;93;55,0;52,7;59,1;175,1;
Valdemarsvik;Samtliga;55;80,0;90,9;219,3;21;38,2;76,2;100,0;238,1;34;61,8;82,4;85,3;207,6;
Valdemarsvik;Kommunal;55;80,0;90,9;219,3;21;38,2;76,2;100,0;238,1;34;61,8;82,4;85,3;207,6;
Vallentuna;Samtliga;338;80,2;88,2;227,8;167;49,4;82,6;88,6;243,1;171;50,6;77,8;87,7;212,8;
Vallentuna;Kommunal;253;77,9;87,0;222,2;118;46,6;80,5;88,1;236,1;135;53,4;75,6;85,9;210,1;
Vallentuna;Enskild;85;87,1;91,8;244,5;49;57,6;87,8;89,8;260,6;36;42,4;86,1;~100;223,1;
Vansbro;Samtliga;103;57,3;66,0;188,9;44;42,7;72,7;77,3;212,7;59;57,3;45,8;57,6;171,1;
Vansbro;Kommunal;103;57,3;66,0;188,9;44;42,7;72,7;77,3;212,7;59;57,3;45,8;57,6;171,1;
Vara;Samtliga;187;65,8;81,3;211,6;89;47,6;68,5;83,1;231,3;98;52,4;63,3;79,6;194,1;
Vara;Kommunal;187;65,8;81,3;211,6;89;47,6;68,5;83,1;231,3;98;52,4;63,3;79,6;194,1;
Varberg;Samtliga;664;79,5;85,4;227,4;305;45,9;84,3;88,2;240,7;359;54,1;75,5;83,0;216,0;
Varberg;Kommunal;625;78,9;84,6;226,4;285;45,6;83,2;87,4;239,6;340;54,4;75,3;82,4;215,2;
Varberg;Enskild;39;89,7;~100;243,4;20;51,3;100,0;100,0;255,8;19;48,7;78,9;~100;230,4;
Vaxholm;Samtliga;120;84,2;94,2;241,3;63;52,5;87,3;~100;253,4;57;47,5;80,7;~100;228,2;
Vaxholm;Kommunal;120;84,2;94,2;241,3;63;52,5;87,3;~100;253,4;57;47,5;80,7;~100;228,2;
Vellinge;Samtliga;463;93,3;96,5;257,0;204;44,1;95,1;97,5;268,8;259;55,9;91,9;95,8;247,6;
Vellinge;Kommunal;313;91,4;95,5;255,1;142;45,4;93,7;~100;266,1;171;54,6;89,5;94,2;245,9;
Vellinge;Enskild;150;97,3;~100;260,9;62;41,3;98,4;~100;275,0;88;58,7;96,6;~100;250,9;
Vetlanda;Samtliga;341;69,2;77,4;205,9;156;45,7;76,3;83,3;224,7;185;54,3;63,2;72,4;189,9;
Vetlanda;Kommunal;333;69,4;77,5;206,9;150;45,0;76,7;84,0;227,4;183;55,0;63,4;72,1;190,0;
Vetlanda;Enskild;..;..;..;..;..;..;..;..;..;..;..;..;..;..;
Vilhelmina;Samtliga;97;76,3;83,5;216,5;49;50,5;77,6;87,8;226,6;48;49,5;75,0;79,2;206,1;
Vilhelmina;Kommunal;91;76,9;84,6;219,3;48;52,7;77,1;87,5;226,8;43;47,3;76,7;81,4;211,0;
Vilhelmina;Enskild;..;..;..;..;..;..;..;..;..;..;..;..;..;..;
Vimmerby;Samtliga;173;71,7;78,6;212,7;67;38,7;74,6;80,6;229,6;106;61,3;69,8;77,4;201,9;
Vimmerby;Kommunal;173;71,7;78,6;212,7;67;38,7;74,6;80,6;229,6;106;61,3;69,8;77,4;201,9;
Vindeln;Samtliga;52;69,2;88,5;215,0;20;38,5;90,0;100,0;253,4;32;61,5;56,3;81,3;190,2;
Vindeln;Kommunal;52;69,2;88,5;215,0;20;38,5;90,0;100,0;253,4;32;61,5;56,3;81,3;190,2;
Vingåker;Samtliga;101;48,5;59,4;174,6;39;38,6;56,4;61,5;198,6;62;61,4;43,5;58,1;159,2;
Vingåker;Kommunal;101;48,5;59,4;174,6;39;38,6;56,4;61,5;198,6;62;61,4;43,5;58,1;159,2;
Vårgårda;Samtliga;126;63,5;76,2;204,5;47;37,3;76,6;85,1;229,8;79;62,7;55,7;70,9;188,9;
Vårgårda;Kommunal;126;63,5;76,2;204,5;47;37,3;76,6;85,1;229,8;79;62,7;55,7;70,9;188,9;
Vänersborg;Samtliga;438;61,9;77,6;203,3;197;45,0;74,1;83,2;227,3;241;55,0;51,9;73,0;183,5;
Vänersborg;Kommunal;366;55,7;73,8;193,7;161;44,0;70,2;80,1;220,0;205;56,0;44,4;68,8;172,9;
Vänersborg;Enskild;72;93,1;~100;251,0;36;50,0;91,7;~100;259,4;36;50,0;94,4;~100;242,7;
Vännäs;Samtliga;72;72,2;77,8;210,6;40;55,6;60,0;67,5;197,2;32;44,4;87,5;~100;227,4;
Vännäs;Kommunal;72;72,2;77,8;210,6;40;55,6;60,0;67,5;197,2;32;44,4;87,5;~100;227,4;
Värmdö;Samtliga;454;81,5;87,9;233,8;213;46,9;85,0;91,1;252,6;241;53,1;78,4;85,1;217,3;
Värmdö;Kommunal;402;79,4;86,3;227,7;185;46,0;82,7;89,7;246,5;217;54,0;76,5;83,4;211,8;
Värmdö;Enskild;52;98,1;100,0;280,5;28;53,8;100,0;100,0;292,2;24;46,2;95,8;100,0;266,9;
Värnamo;Samtliga;402;78,6;85,3;224,8;177;44,0;83,1;87,6;246,3;225;56,0;75,1;83,6;207,8;
Värnamo;Kommunal;402;78,6;85,3;224,8;177;44,0;83,1;87,6;246,3;225;56,0;75,1;83,6;207,8;
Västervik;Samtliga;352;63,9;71,6;208,4;161;45,7;67,7;75,2;223,7;191;54,3;60,7;68,6;195,5;
Västervik;Kommunal;297;64,3;71,7;206,4;135;45,5;68,9;76,3;224,7;162;54,5;60,5;67,9;191,0;
Västervik;Enskild;55;61,8;70,9;219,0;26;47,3;61,5;69,2;218,3;29;52,7;62,1;72,4;219,7;
Västerås;Samtliga;1 587;68,0;79,6;217,6;748;47,1;73,1;82,8;234,6;839;52,9;63,4;76,8;202,5;
Västerås;Kommunal;1 034;62,6;74,2;202,9;439;42,5;67,7;77,4;220,2;595;57,5;58,8;71,8;190,0;
Västerås;Enskild;553;78,1;89,7;245,1;309;55,9;80,9;90,3;254,9;244;44,1;74,6;88,9;232,7;
Växjö;Samtliga;955;75,2;84,6;225,4;436;45,7;79,4;85,3;241,5;519;54,3;71,7;84,0;211,9;
Växjö;Kommunal;766;71,8;82,4;218,7;357;46,6;77,3;84,3;236,6;409;53,4;67,0;80,7;203,2;
Växjö;Enskild;189;88,9;93,7;252,4;79;41,8;88,6;89,9;263,4;110;58,2;89,1;~100;244,4;
Ydre;Samtliga;43;72,1;72,1;204,2;25;58,1;72,0;72,0;204,1;18;41,9;72,2;72,2;204,4;
Ydre;Kommunal;43;72,1;72,1;204,2;25;58,1;72,0;72,0;204,1;18;41,9;72,2;72,2;204,4;
Ystad;Samtliga;344;85,2;89,8;237,6;155;45,1;88,4;90,3;255,7;189;54,9;82,5;89,4;222,5;
Ystad;Kommunal;256;82,0;87,5;230,3;116;45,3;86,2;87,9;249,3;140;54,7;78,6;87,1;214,2;
Ystad;Enskild;88;94,3;~100;258,4;39;44,3;94,9;~100;274,7;49;55,7;93,9;~100;245,5;
Åmål;Samtliga;137;69,3;81,8;223,2;61;44,5;75,4;83,6;240,9;76;55,5;64,5;80,3;209,0;
Åmål;Kommunal;137;69,3;81,8;223,2;61;44,5;75,4;83,6;240,9;76;55,5;64,5;80,3;209,0;
Ånge;Samtliga;94;68,1;72,3;203,8;48;51,1;75,0;79,2;216,7;46;48,9;60,9;65,2;188,9;
Ånge;Kommunal;87;65,5;70,1;197,7;45;51,7;73,3;77,8;212,5;42;48,3;57,1;61,9;180,2;
Ånge;Enskild;..;..;..;..;..;..;..;..;..;..;..;..;..;..;
Åre;Samtliga;116;66,4;76,7;204,1;51;44,0;70,6;86,3;224,0;65;56,0;63,1;69,2;188,6;
Åre;Kommunal;116;66,4;76,7;204,1;51;44,0;70,6;86,3;224,0;65;56,0;63,1;69,2;188,6;
Årjäng;Samtliga;123;72,4;75,6;193,9;41;33,3;82,9;87,8;220,0;82;66,7;67,1;69,5;180,9;
Årjäng;Kommunal;123;72,4;75,6;193,9;41;33,3;82,9;87,8;220,0;82;66,7;67,1;69,5;180,9;
Åsele;Samtliga;38;73,7;81,6;202,8;19;50,0;68,4;73,7;204,3;19;50,0;78,9;~100;201,2;
Åsele;Kommunal;38;73,7;81,6;202,8;19;50,0;68,4;73,7;204,3;19;50,0;78,9;~100;201,2;
Åstorp;Samtliga;163;63,8;76,7;198,5;81;49,7;70,4;81,5;220,4;82;50,3;57,3;72,0;177,4;
Åstorp;Kommunal;163;63,8;76,7;198,5;81;49,7;70,4;81,5;220,4;82;50,3;57,3;72,0;177,4;
Åtvidaberg;Samtliga;113;63,7;76,1;208,8;60;53,1;65,0;76,7;217,6;53;46,9;62,3;75,5;199,1;
Åtvidaberg;Kommunal;113;63,7;76,1;208,8;60;53,1;65,0;76,7;217,6;53;46,9;62,3;75,5;199,1;
Älmhult;Samtliga;167;62,9;72,5;205,3;85;50,9;74,1;81,2;232,7;82;49,1;51,2;63,4;177,2;
Älmhult;Kommunal;167;62,9;72,5;205,3;85;50,9;74,1;81,2;232,7;82;49,1;51,2;63,4;177,2;
Älvdalen;Samtliga;66;81,8;84,8;225,6;30;45,5;86,7;~100;240,9;36;54,5;77,8;83,3;212,8;
Älvdalen;Kommunal;66;81,8;84,8;225,6;30;45,5;86,7;~100;240,9;36;54,5;77,8;83,3;212,8;
Älvkarleby;Samtliga;100;56,0;71,0;183,8;33;33,0;81,8;~100;221,8;67;67,0;43,3;59,7;164,1;
Älvkarleby;Kommunal;41;51,2;68,3;185,6;19;46,3;84,2;~100;227,5;22;53,7;..;45,5;147,6;
Älvkarleby;Enskild;59;59,3;72,9;182,5;14;23,7;78,6;~100;214,1;45;76,3;53,3;66,7;172,2;
Älvsbyn;Samtliga;89;89,9;94,4;216,2;38;42,7;94,7;~100;241,7;51;57,3;86,3;~100;197,2;
Älvsbyn;Kommunal;89;89,9;94,4;216,2;38;42,7;94,7;~100;241,7;51;57,3;86,3;~100;197,2;
Ängelholm;Samtliga;415;80,7;86,3;223,7;183;44,1;88,0;91,3;246,6;232;55,9;75,0;82,3;205,3;
Ängelholm;Kommunal;415;80,7;86,3;223,7;183;44,1;88,0;91,3;246,6;232;55,9;75,0;82,3;205,3;
Öckerö;Samtliga;184;70,1;81,5;205,6;73;39,7;69,9;80,8;207,8;111;60,3;70,3;82,0;204,2;
Öckerö;Kommunal;161;68,9;80,1;205,6;60;37,3;70,0;78,3;209,9;101;62,7;68,3;81,2;203,1;
Öckerö;Enskild;23;78,3;~100;205,7;13;56,5;..;~100;198,3;10;43,5;..;..;215,3;
Ödeshög;Samtliga;47;76,6;85,1;216,4;21;44,7;90,5;~100;250,2;26;55,3;65,4;76,9;189,0;
Ödeshög;Kommunal;47;76,6;85,1;216,4;21;44,7;90,5;~100;250,2;26;55,3;65,4;76,9;189,0;
Örebro;Samtliga;1 606;76,9;84,1;225,5;771;48,0;78,6;85,2;234,2;835;52,0;75,3;83,1;217,5;
Örebro;Kommunal;1 169;72,8;80,1;214,7;537;45,9;73,9;80,8;222,8;632;54,1;71,8;79,4;207,8;
Örebro;Enskild;437;87,9;95,0;254,3;234;53,5;89,3;95,3;260,2;203;46,5;86,2;94,6;247,5;
Örkelljunga;Samtliga;92;54,3;68,5;186,9;29;31,5;69,0;82,8;220,5;63;68,5;47,6;61,9;171,5;
Örkelljunga;Kommunal;78;56,4;69,2;187,8;23;29,5;82,6;~100;239,2;55;70,5;45,5;60,0;166,3;
Örkelljunga;Enskild;14;..;..;182,1;..;..;..;..;..;..;..;..;..;..;
Örnsköldsvik;Samtliga;584;82,2;87,2;224,8;283;48,5;87,6;91,2;244,7;301;51,5;77,1;83,4;206,0;
Örnsköldsvik;Kommunal;563;83,1;88,1;226,4;277;49,2;88,1;91,3;245,4;286;50,8;78,3;85,0;207,9;
Örnsköldsvik;Enskild;21;57,1;61,9;182,9;..;..;..;..;..;..;..;..;..;169,8;
Östersund;Samtliga;612;73,2;80,9;221,6;296;48,4;79,4;84,5;236,5;316;51,6;67,4;77,5;207,4;
Östersund;Kommunal;485;69,1;77,7;216,0;235;48,5;76,2;81,7;231,6;250;51,5;62,4;74,0;201,0;
Östersund;Enskild;127;89,0;92,9;242,8;61;48,0;91,8;~100;255,7;66;52,0;86,4;90,9;231,1;
Österåker;Samtliga;412;83,3;92,0;246,9;188;45,6;83,5;93,1;259,1;224;54,4;83,0;91,1;236,8;
Österåker;Kommunal;304;81,9;91,1;240,8;149;49,0;83,2;93,3;254,3;155;51,0;80,6;89,0;227,8;
Österåker;Enskild;108;87,0;94,4;264,6;39;36,1;84,6;~100;277,6;69;63,9;88,4;~100;257,4;
Östhammar;Samtliga;210;68,1;79,0;211,3;99;47,1;79,8;87,9;236,8;111;52,9;57,7;71,2;187,9;
Östhammar;Kommunal;210;68,1;79,0;211,3;99;47,1;79,8;87,9;236,8;111;52,9;57,7;71,2;187,9;
Östra Göinge;Samtliga;150;65,3;74,0;202,1;69;46,0;69,6;82,6;219,8;81;54,0;61,7;66,7;186,2;
Östra Göinge;Kommunal;137;66,4;73,0;200,9;62;45,3;72,6;82,3;221,5;75;54,7;61,3;65,3;183,0;
Östra Göinge;Enskild;13;..;~100;213,7;..;..;..;..;..;..;..;..;..;..;
Överkalix;Samtliga;30;66,7;80,0;203,7;..;..;..;..;..;..;..;54,5;72,7;170,6;
Överkalix;Kommunal;25;60,0;76,0;187,0;..;..;..;..;..;..;..;52,4;71,4;167,5;
Överkalix;Enskild;..;..;..;..;..;..;..;..;..;..;..;..;..;..;
Övertorneå;Samtliga;66;65,2;68,2;211,7;36;54,5;69,4;72,2;223,1;30;45,5;60,0;63,3;197,5;
Övertorneå;Kommunal;50;56,0;58,0;199,5;27;54,0;59,3;63,0;210,1;23;46,0;52,2;52,2;186,3;
Övertorneå;Enskild;16;93,8;100,0;247,7;..;..;..;..;..;..;..;..;..;..;

Rapportbeskrivning och definitioner etc.  
  
Samtliga uppgifter avser elever med betyg enligt det mål- och kunskapsrelaterade betygssystemet. Uppgifterna avser betyg före prövning.
Observera att om uppgiften baseras på färre än 10 elever, dubbelprickas den i tabellerna. Då visas två prickar (..) istället för utfall. Om data saknas visas en prick (.) istället för utfall.
 

Antal elever;Antal elever som har avslutat årskurs 9, dvs elever med slutbetyg såväl från det mål- och kunskapsrelaterade betygssystemet som andra bedömningssystem.;
;Elever som saknar godkänt betyg i alla ämnen, dvs elever som saknar slutbetyg ingår.;
Andel (%) uppnått kunskapskraven i alla ämnen;Andel elever med godkänt betyg i alla ämnen som ingått i elevens utbildning. Andelen beräknas av de elever som fått eller skulle ha fått betyg;
;enligt det mål- och kunskapsrelaterade betygssystemet (elever som saknar godkänt betyg i alla ämnen ingår).;
Andel (%) behörig yrkesprog.;Andel elever som är behöriga att söka till yrkesprogram. För att en elev ska vara behörig krävs godkänt betyg i ämnena svenska/svenska som andraspråk,;
;engelska och matematik samt i fem ytterligare ämnen, totalt åtta ämnen. Andelen beräknas av de elever som fått eller skulle ha fått betyg enligt det ;
;mål och kunskapsrelaterade betygssystemet (elever som saknar godkänt betyg i alla ämnen ingår).;
;Observera att om antalet EJ behöriga är 1-4, så visas andelen behöriga som ~100.;
Genomsnittligt meritvärde (17);Meritvärdet beräknas som summan av betygsvärdena för de 16 bästa betygen i elevens slutbetyg och för 17 ämnen för elever som läst moderna språk som språkval.;
;Elevens betyg omvandlas till betygsvärderna (E=10, D=12.5, C=15, B=17.5 och A=20) och de bästa 16 ämnena summeras, har eleven godkänt betyg i ;
;modernt språk som språkval är det ett 17:e ämne i meritvärdet. Det högsta möjliga meritvärdet för elever som läst 17 ämnen är 340 och;
;för elever som läst 16 ämnen 320. Även om eleven fått betyg i färre ämnen än 16 kan betyget i moderna språk som språkval läggas till meritvärdet,;
;men då kan eleven inte komma upp i det maximala meritvärdet 340 poäng. Lägsta möjliga värde är 0, dvs. ej godkänt betyg F, underlag saknas (-) eller;
;anpassad studiegång i alla ämnen.;
;Det genomsnittliga meritvärdet beräknas för de elever som fått lägst betyg E i minst ett ämne, meritvärde 10. Elevernas sammanlagda meritvärde divideras;
;med antal elever som fått lägst betyg E i minst ett ämne. Elever som saknar godkänt betyg i alla ämnen, dvs elever som saknar godkänt slutbetyg, ingår ej.;
; ;
;Från och med ansökan till gymnasiet läsåret 2013/14 får de sökande som fått betyg i modernt språk som språkval räkna med det som ett 17:e betyg i meritvärdet,;
;utöver de 16 bästa betygen i övrigt. De elever som ej har godkänt betyg i modernt språk som språkval har meritvärde om max 16 ämnen och ingår i ;
;medelvärdet om 17 ämnen. I SIRIS redovisas genomsnittligt meritvärde för 17 ämnen från och med 2014/15. Att inte motsvarande redovisning fanns 2013/14;
;berodde på att det fanns osäkerhet i insamlingen av slutbetyg i modernt språk som språkval 2013/14.;
Andel (%) elever;Denna statistikuppgift visar andelen elever inom respektive kategori av det totala antalet elever som har uppgift om kön,;
;svensk eller utländsk bakgrund respektive föräldrars utbildningsnivå.;



